Workbook

Sheet Notes
A1: Formula-driven version of dsm_metrics.xlsx: only the run matrices (data/experiments.txt), the ground truths and the eigenvalues are pasted; every metric is a spreadsheet formula.
A2: TP/TN/FP/FN = SUMPRODUCT((M=v)*(G=w)), so unsure cells (2) drop out of the confident-only counts; P/R/F1/Acc = IFERROR(ratio, 0); edit distance = SUMPRODUCT(ABS(G−M)) with the 2s kept; spectral distance = SQRT(SUMPRODUCT((eigG−eigM)^2)) over LARGE()-sorted eigenvalues; mean/std = AVERAGE/STDEV.P over the runs.
A3: Eigenvalues cannot be produced by built-in spreadsheet functions, so they are pasted (real parts, numpy order) and verified in-sheet: Σeig − trace and Πeig − det must be 0, and det(M − λI) = 0 per eigenvalue via MDETERM/MUNIT. Matrices with complex eigenvalues are marked; the real parts are used, and Πeig − det does not apply to them.
A4: The Step2 average matrix is a per-cell formula (2 if no confident run, else 1 if the mean of the confident runs ≥ 0.5, else 0); the 'avg-matrix' columns evaluate the metrics once on it. The paper reports the per-run mean ± std.
A5: A configuration with four matrices in experiments.txt had one run that returned no matrix; its values are the mean ± std of the four runs present (see the note column).
A6: Task (ii) aligned sheets build the k×k aligned matrices with INDEX/MATCH through the archived component mapping (final_component_mapping.csv next to the run's detailed_results JSON); ground-truth components without a match are dropped. Configurations without an archived mapping are N/A.
A7: Each table sheet: summary rows 6–55, gold/silver ranking rows 59–68, one block per configuration from row 72 (the 'block row' column points to it). Sheet Summary stacks all six tables. Editing a pasted matrix or the ground truth recalculates everything except the pasted eigenvalues.

Sheet Ground truth
A1: CubeSat ground truth (6 components, 20 ones, symmetric) — author-confirmed
B2: Spacecraft | C2: Guidance, Navigation, and Control (GNC) Subsystem | D2: Propulsion Subsystem | E2: Power Subsystem | F2: Reaction Wheel | G2: GNC Software | I2: eig (numpy, real) | J2: eig sorted desc | K2: det(G-λI)
A3: Spacecraft | B3: 1 | C3: 1 | D3: 1 | E3: 1 | F3: 1 | G3: 1 | I3: 3.8136065 | J3: =LARGE($I$3:$I$8,1) | K3: {=ROUND(MDETERM($B$3:$G$8-$J$3*MUNIT(6)),6)}
A4: Guidance, Navigation, and Control (GNC) Subsystem | B4: 1 | C4: 1 | D4: 0 | E4: 0 | F4: 1 | G4: 1 | I4: 1.5293166 | J4: =LARGE($I$3:$I$8,2) | K4: {=ROUND(MDETERM($B$3:$G$8-$J$4*MUNIT(6)),6)}
A5: Propulsion Subsystem | B5: 1 | C5: 0 | D5: 1 | E5: 0 | F5: 0 | G5: 0 | I5: -1 | J5: =LARGE($I$3:$I$8,3) | K5: {=ROUND(MDETERM($B$3:$G$8-$J$5*MUNIT(6)),6)}
A6: Power Subsystem | B6: 1 | C6: 0 | D6: 0 | E6: 1 | F6: 0 | G6: 0 | I6: -0.34292308 | J6: =LARGE($I$3:$I$8,4) | K6: {=ROUND(MDETERM($B$3:$G$8-$J$6*MUNIT(6)),6)}
A7: Reaction Wheel | B7: 1 | C7: 1 | D7: 0 | E7: 0 | F7: 1 | G7: 0 | I7: 1 | J7: =LARGE($I$3:$I$8,5) | K7: {=ROUND(MDETERM($B$3:$G$8-$J$7*MUNIT(6)),6)}
A8: GNC Software | B8: 1 | C8: 1 | D8: 0 | E8: 0 | F8: 0 | G8: 1 | I8: 1 | J8: =LARGE($I$3:$I$8,6) | K8: {=ROUND(MDETERM($B$3:$G$8-$J$8*MUNIT(6)),6)}
I9: =ROUND(SUM($I$3:$I$8)-($B$3+$C$4+$D$5+$E$6+$F$7+$G$8),6) | J9: =ROUND(MDETERM($B$3:$G$8)-PRODUCT($I$3:$I$8),6) | K9: ← trace / det checks (0 = eigenvalues consistent)
A12: PS ground truth (7 components, 33 ones, symmetric) — author-confirmed
B13: Bit | C13: Transmission | D13: Motor | E13: Electrical System | F13: Battery Holder | G13: Housing | H13: External Environment | J13: eig (numpy, real) | K13: eig sorted desc | L13: det(G-λI)
A14: Bit | B14: 1 | C14: 1 | D14: 0 | E14: 0 | F14: 0 | G14: 0 | H14: 1 | J14: 4.9452252 | K14: =LARGE($J$14:$J$20,1) | L14: {=ROUND(MDETERM($B$14:$H$20-$K$14*MUNIT(7)),6)}
A15: Transmission | B15: 1 | C15: 1 | D15: 1 | E15: 0 | F15: 0 | G15: 1 | H15: 1 | J15: 2.0856374 | K15: =LARGE($J$14:$J$20,2) | L15: {=ROUND(MDETERM($B$14:$H$20-$K$15*MUNIT(7)),6)}
A16: Motor | B16: 0 | C16: 1 | D16: 1 | E16: 0 | F16: 1 | G16: 1 | H16: 0 | J16: 1.618034 | K16: =LARGE($J$14:$J$20,3) | L16: {=ROUND(MDETERM($B$14:$H$20-$K$16*MUNIT(7)),6)}
A17: Electrical System | B17: 0 | C17: 0 | D17: 0 | E17: 1 | F17: 1 | G17: 1 | H17: 1 | J17: 0.29632859 | K17: =LARGE($J$14:$J$20,4) | L17: {=ROUND(MDETERM($B$14:$H$20-$K$17*MUNIT(7)),6)}
A18: Battery Holder | B18: 0 | C18: 0 | D18: 1 | E18: 1 | F18: 1 | G18: 1 | H18: 1 | J18: -0.32719117 | K18: =LARGE($J$14:$J$20,5) | L18: {=ROUND(MDETERM($B$14:$H$20-$K$18*MUNIT(7)),6)}
A19: Housing | B19: 0 | C19: 1 | D19: 1 | E19: 1 | F19: 1 | G19: 1 | H19: 1 | J19: -0.61803399 | K19: =LARGE($J$14:$J$20,6) | L19: {=ROUND(MDETERM($B$14:$H$20-$K$19*MUNIT(7)),6)}
A20: External Environment | B20: 1 | C20: 1 | D20: 0 | E20: 1 | F20: 1 | G20: 1 | H20: 1 | J20: -1 | K20: =LARGE($J$14:$J$20,7) | L20: {=ROUND(MDETERM($B$14:$H$20-$K$20*MUNIT(7)),6)}
J21: =ROUND(SUM($J$14:$J$20)-($B$14+$C$15+$D$16+$E$17+$F$18+$G$19+$H$20),6) | K21: =ROUND(MDETERM($B$14:$H$20)-PRODUCT($J$14:$J$20),6) | L21: ← trace / det checks (0 = eigenvalues consistent)
A24: Ground-truth DSMs used for every metric (identical to logs/Process/gt_cubesat.csv and gt_powerscrewdriver.csv).

Sheet Summary
A1: Table | B1: Task | C1: Use case | D1: Kind | E1: Configuration | F1: Model | G1: n_runs | H1: unsure cells | I1: unsure % | J1: coverage | K1: Precision mean | L1: Precision std | M1: Precision avg-matrix | N1: Recall mean | O1: Recall std | P1: Recall avg-matrix | Q1: F1 mean | R1: F1 std | S1: F1 avg-matrix | T1: Accuracy mean | U1: Accuracy std | V1: Accuracy avg-matrix | W1: Edit distance mean | X1: Edit distance std | Y1: Edit distance avg-matrix | Z1: Spectral distance mean | AA1: Spectral distance std | AB1: Spectral distance avg-matrix | AC1: note | AD1: block row
A2: tab:case_i_cs_experiments | B2: i | C2: CubeSat | D2: raw | E2: ='CubeSat-i'!$A$6 | F2: ='CubeSat-i'!$B$6 | G2: ='CubeSat-i'!$C$6 | H2: ='CubeSat-i'!$D$6 | I2: ='CubeSat-i'!$E$6 | J2: ='CubeSat-i'!$F$6 | K2: ='CubeSat-i'!$G$6 | L2: ='CubeSat-i'!$H$6 | M2: ='CubeSat-i'!$I$6 | N2: ='CubeSat-i'!$J$6 | O2: ='CubeSat-i'!$K$6 | P2: ='CubeSat-i'!$L$6 | Q2: ='CubeSat-i'!$M$6 | R2: ='CubeSat-i'!$N$6 | S2: ='CubeSat-i'!$O$6 | T2: ='CubeSat-i'!$P$6 | U2: ='CubeSat-i'!$Q$6 | V2: ='CubeSat-i'!$R$6 | W2: ='CubeSat-i'!$S$6 | X2: ='CubeSat-i'!$T$6 | Y2: ='CubeSat-i'!$U$6 | Z2: ='CubeSat-i'!$V$6 | AA2: ='CubeSat-i'!$W$6 | AB2: ='CubeSat-i'!$X$6 | AC2: ='CubeSat-i'!$Y$6 | AD2: ='CubeSat-i'!$Z$6
A3: tab:case_i_cs_experiments | B3: i | C3: CubeSat | D3: raw | E3: ='CubeSat-i'!$A$7 | F3: ='CubeSat-i'!$B$7 | G3: ='CubeSat-i'!$C$7 | H3: ='CubeSat-i'!$D$7 | I3: ='CubeSat-i'!$E$7 | J3: ='CubeSat-i'!$F$7 | K3: ='CubeSat-i'!$G$7 | L3: ='CubeSat-i'!$H$7 | M3: ='CubeSat-i'!$I$7 | N3: ='CubeSat-i'!$J$7 | O3: ='CubeSat-i'!$K$7 | P3: ='CubeSat-i'!$L$7 | Q3: ='CubeSat-i'!$M$7 | R3: ='CubeSat-i'!$N$7 | S3: ='CubeSat-i'!$O$7 | T3: ='CubeSat-i'!$P$7 | U3: ='CubeSat-i'!$Q$7 | V3: ='CubeSat-i'!$R$7 | W3: ='CubeSat-i'!$S$7 | X3: ='CubeSat-i'!$T$7 | Y3: ='CubeSat-i'!$U$7 | Z3: ='CubeSat-i'!$V$7 | AA3: ='CubeSat-i'!$W$7 | AB3: ='CubeSat-i'!$X$7 | AC3: ='CubeSat-i'!$Y$7 | AD3: ='CubeSat-i'!$Z$7
A4: tab:case_i_cs_experiments | B4: i | C4: CubeSat | D4: raw | E4: ='CubeSat-i'!$A$8 | F4: ='CubeSat-i'!$B$8 | G4: ='CubeSat-i'!$C$8 | H4: ='CubeSat-i'!$D$8 | I4: ='CubeSat-i'!$E$8 | J4: ='CubeSat-i'!$F$8 | K4: ='CubeSat-i'!$G$8 | L4: ='CubeSat-i'!$H$8 | M4: ='CubeSat-i'!$I$8 | N4: ='CubeSat-i'!$J$8 | O4: ='CubeSat-i'!$K$8 | P4: ='CubeSat-i'!$L$8 | Q4: ='CubeSat-i'!$M$8 | R4: ='CubeSat-i'!$N$8 | S4: ='CubeSat-i'!$O$8 | T4: ='CubeSat-i'!$P$8 | U4: ='CubeSat-i'!$Q$8 | V4: ='CubeSat-i'!$R$8 | W4: ='CubeSat-i'!$S$8 | X4: ='CubeSat-i'!$T$8 | Y4: ='CubeSat-i'!$U$8 | Z4: ='CubeSat-i'!$V$8 | AA4: ='CubeSat-i'!$W$8 | AB4: ='CubeSat-i'!$X$8 | AC4: ='CubeSat-i'!$Y$8 | AD4: ='CubeSat-i'!$Z$8
A5: tab:case_i_cs_experiments | B5: i | C5: CubeSat | D5: raw | E5: ='CubeSat-i'!$A$9 | F5: ='CubeSat-i'!$B$9 | G5: ='CubeSat-i'!$C$9 | H5: ='CubeSat-i'!$D$9 | I5: ='CubeSat-i'!$E$9 | J5: ='CubeSat-i'!$F$9 | K5: ='CubeSat-i'!$G$9 | L5: ='CubeSat-i'!$H$9 | M5: ='CubeSat-i'!$I$9 | N5: ='CubeSat-i'!$J$9 | O5: ='CubeSat-i'!$K$9 | P5: ='CubeSat-i'!$L$9 | Q5: ='CubeSat-i'!$M$9 | R5: ='CubeSat-i'!$N$9 | S5: ='CubeSat-i'!$O$9 | T5: ='CubeSat-i'!$P$9 | U5: ='CubeSat-i'!$Q$9 | V5: ='CubeSat-i'!$R$9 | W5: ='CubeSat-i'!$S$9 | X5: ='CubeSat-i'!$T$9 | Y5: ='CubeSat-i'!$U$9 | Z5: ='CubeSat-i'!$V$9 | AA5: ='CubeSat-i'!$W$9 | AB5: ='CubeSat-i'!$X$9 | AC5: ='CubeSat-i'!$Y$9 | AD5: ='CubeSat-i'!$Z$9
A6: tab:case_i_cs_experiments | B6: i | C6: CubeSat | D6: raw | E6: ='CubeSat-i'!$A$10 | F6: ='CubeSat-i'!$B$10 | G6: ='CubeSat-i'!$C$10 | H6: ='CubeSat-i'!$D$10 | I6: ='CubeSat-i'!$E$10 | J6: ='CubeSat-i'!$F$10 | K6: ='CubeSat-i'!$G$10 | L6: ='CubeSat-i'!$H$10 | M6: ='CubeSat-i'!$I$10 | N6: ='CubeSat-i'!$J$10 | O6: ='CubeSat-i'!$K$10 | P6: ='CubeSat-i'!$L$10 | Q6: ='CubeSat-i'!$M$10 | R6: ='CubeSat-i'!$N$10 | S6: ='CubeSat-i'!$O$10 | T6: ='CubeSat-i'!$P$10 | U6: ='CubeSat-i'!$Q$10 | V6: ='CubeSat-i'!$R$10 | W6: ='CubeSat-i'!$S$10 | X6: ='CubeSat-i'!$T$10 | Y6: ='CubeSat-i'!$U$10 | Z6: ='CubeSat-i'!$V$10 | AA6: ='CubeSat-i'!$W$10 | AB6: ='CubeSat-i'!$X$10 | AC6: ='CubeSat-i'!$Y$10 | AD6: ='CubeSat-i'!$Z$10
A7: tab:case_i_cs_experiments | B7: i | C7: CubeSat | D7: raw | E7: ='CubeSat-i'!$A$11 | F7: ='CubeSat-i'!$B$11 | G7: ='CubeSat-i'!$C$11 | H7: ='CubeSat-i'!$D$11 | I7: ='CubeSat-i'!$E$11 | J7: ='CubeSat-i'!$F$11 | K7: ='CubeSat-i'!$G$11 | L7: ='CubeSat-i'!$H$11 | M7: ='CubeSat-i'!$I$11 | N7: ='CubeSat-i'!$J$11 | O7: ='CubeSat-i'!$K$11 | P7: ='CubeSat-i'!$L$11 | Q7: ='CubeSat-i'!$M$11 | R7: ='CubeSat-i'!$N$11 | S7: ='CubeSat-i'!$O$11 | T7: ='CubeSat-i'!$P$11 | U7: ='CubeSat-i'!$Q$11 | V7: ='CubeSat-i'!$R$11 | W7: ='CubeSat-i'!$S$11 | X7: ='CubeSat-i'!$T$11 | Y7: ='CubeSat-i'!$U$11 | Z7: ='CubeSat-i'!$V$11 | AA7: ='CubeSat-i'!$W$11 | AB7: ='CubeSat-i'!$X$11 | AC7: ='CubeSat-i'!$Y$11 | AD7: ='CubeSat-i'!$Z$11
A8: tab:case_i_cs_experiments | B8: i | C8: CubeSat | D8: raw | E8: ='CubeSat-i'!$A$12 | F8: ='CubeSat-i'!$B$12 | G8: ='CubeSat-i'!$C$12 | H8: ='CubeSat-i'!$D$12 | I8: ='CubeSat-i'!$E$12 | J8: ='CubeSat-i'!$F$12 | K8: ='CubeSat-i'!$G$12 | L8: ='CubeSat-i'!$H$12 | M8: ='CubeSat-i'!$I$12 | N8: ='CubeSat-i'!$J$12 | O8: ='CubeSat-i'!$K$12 | P8: ='CubeSat-i'!$L$12 | Q8: ='CubeSat-i'!$M$12 | R8: ='CubeSat-i'!$N$12 | S8: ='CubeSat-i'!$O$12 | T8: ='CubeSat-i'!$P$12 | U8: ='CubeSat-i'!$Q$12 | V8: ='CubeSat-i'!$R$12 | W8: ='CubeSat-i'!$S$12 | X8: ='CubeSat-i'!$T$12 | Y8: ='CubeSat-i'!$U$12 | Z8: ='CubeSat-i'!$V$12 | AA8: ='CubeSat-i'!$W$12 | AB8: ='CubeSat-i'!$X$12 | AC8: ='CubeSat-i'!$Y$12 | AD8: ='CubeSat-i'!$Z$12
A9: tab:case_i_cs_experiments | B9: i | C9: CubeSat | D9: raw | E9: ='CubeSat-i'!$A$13 | F9: ='CubeSat-i'!$B$13 | G9: ='CubeSat-i'!$C$13 | H9: ='CubeSat-i'!$D$13 | I9: ='CubeSat-i'!$E$13 | J9: ='CubeSat-i'!$F$13 | K9: ='CubeSat-i'!$G$13 | L9: ='CubeSat-i'!$H$13 | M9: ='CubeSat-i'!$I$13 | N9: ='CubeSat-i'!$J$13 | O9: ='CubeSat-i'!$K$13 | P9: ='CubeSat-i'!$L$13 | Q9: ='CubeSat-i'!$M$13 | R9: ='CubeSat-i'!$N$13 | S9: ='CubeSat-i'!$O$13 | T9: ='CubeSat-i'!$P$13 | U9: ='CubeSat-i'!$Q$13 | V9: ='CubeSat-i'!$R$13 | W9: ='CubeSat-i'!$S$13 | X9: ='CubeSat-i'!$T$13 | Y9: ='CubeSat-i'!$U$13 | Z9: ='CubeSat-i'!$V$13 | AA9: ='CubeSat-i'!$W$13 | AB9: ='CubeSat-i'!$X$13 | AC9: ='CubeSat-i'!$Y$13 | AD9: ='CubeSat-i'!$Z$13
A10: tab:case_i_cs_experiments | B10: i | C10: CubeSat | D10: raw | E10: ='CubeSat-i'!$A$14 | F10: ='CubeSat-i'!$B$14 | G10: ='CubeSat-i'!$C$14 | H10: ='CubeSat-i'!$D$14 | I10: ='CubeSat-i'!$E$14 | J10: ='CubeSat-i'!$F$14 | K10: ='CubeSat-i'!$G$14 | L10: ='CubeSat-i'!$H$14 | M10: ='CubeSat-i'!$I$14 | N10: ='CubeSat-i'!$J$14 | O10: ='CubeSat-i'!$K$14 | P10: ='CubeSat-i'!$L$14 | Q10: ='CubeSat-i'!$M$14 | R10: ='CubeSat-i'!$N$14 | S10: ='CubeSat-i'!$O$14 | T10: ='CubeSat-i'!$P$14 | U10: ='CubeSat-i'!$Q$14 | V10: ='CubeSat-i'!$R$14 | W10: ='CubeSat-i'!$S$14 | X10: ='CubeSat-i'!$T$14 | Y10: ='CubeSat-i'!$U$14 | Z10: ='CubeSat-i'!$V$14 | AA10: ='CubeSat-i'!$W$14 | AB10: ='CubeSat-i'!$X$14 | AC10: ='CubeSat-i'!$Y$14 | AD10: ='CubeSat-i'!$Z$14
A11: tab:case_i_cs_experiments | B11: i | C11: CubeSat | D11: raw | E11: ='CubeSat-i'!$A$15 | F11: ='CubeSat-i'!$B$15 | G11: ='CubeSat-i'!$C$15 | H11: ='CubeSat-i'!$D$15 | I11: ='CubeSat-i'!$E$15 | J11: ='CubeSat-i'!$F$15 | K11: ='CubeSat-i'!$G$15 | L11: ='CubeSat-i'!$H$15 | M11: ='CubeSat-i'!$I$15 | N11: ='CubeSat-i'!$J$15 | O11: ='CubeSat-i'!$K$15 | P11: ='CubeSat-i'!$L$15 | Q11: ='CubeSat-i'!$M$15 | R11: ='CubeSat-i'!$N$15 | S11: ='CubeSat-i'!$O$15 | T11: ='CubeSat-i'!$P$15 | U11: ='CubeSat-i'!$Q$15 | V11: ='CubeSat-i'!$R$15 | W11: ='CubeSat-i'!$S$15 | X11: ='CubeSat-i'!$T$15 | Y11: ='CubeSat-i'!$U$15 | Z11: ='CubeSat-i'!$V$15 | AA11: ='CubeSat-i'!$W$15 | AB11: ='CubeSat-i'!$X$15 | AC11: ='CubeSat-i'!$Y$15 | AD11: ='CubeSat-i'!$Z$15
A12: tab:case_i_cs_experiments | B12: i | C12: CubeSat | D12: raw | E12: ='CubeSat-i'!$A$16 | F12: ='CubeSat-i'!$B$16 | G12: ='CubeSat-i'!$C$16 | H12: ='CubeSat-i'!$D$16 | I12: ='CubeSat-i'!$E$16 | J12: ='CubeSat-i'!$F$16 | K12: ='CubeSat-i'!$G$16 | L12: ='CubeSat-i'!$H$16 | M12: ='CubeSat-i'!$I$16 | N12: ='CubeSat-i'!$J$16 | O12: ='CubeSat-i'!$K$16 | P12: ='CubeSat-i'!$L$16 | Q12: ='CubeSat-i'!$M$16 | R12: ='CubeSat-i'!$N$16 | S12: ='CubeSat-i'!$O$16 | T12: ='CubeSat-i'!$P$16 | U12: ='CubeSat-i'!$Q$16 | V12: ='CubeSat-i'!$R$16 | W12: ='CubeSat-i'!$S$16 | X12: ='CubeSat-i'!$T$16 | Y12: ='CubeSat-i'!$U$16 | Z12: ='CubeSat-i'!$V$16 | AA12: ='CubeSat-i'!$W$16 | AB12: ='CubeSat-i'!$X$16 | AC12: ='CubeSat-i'!$Y$16 | AD12: ='CubeSat-i'!$Z$16
A13: tab:case_i_cs_experiments | B13: i | C13: CubeSat | D13: raw | E13: ='CubeSat-i'!$A$17 | F13: ='CubeSat-i'!$B$17 | G13: ='CubeSat-i'!$C$17 | H13: ='CubeSat-i'!$D$17 | I13: ='CubeSat-i'!$E$17 | J13: ='CubeSat-i'!$F$17 | K13: ='CubeSat-i'!$G$17 | L13: ='CubeSat-i'!$H$17 | M13: ='CubeSat-i'!$I$17 | N13: ='CubeSat-i'!$J$17 | O13: ='CubeSat-i'!$K$17 | P13: ='CubeSat-i'!$L$17 | Q13: ='CubeSat-i'!$M$17 | R13: ='CubeSat-i'!$N$17 | S13: ='CubeSat-i'!$O$17 | T13: ='CubeSat-i'!$P$17 | U13: ='CubeSat-i'!$Q$17 | V13: ='CubeSat-i'!$R$17 | W13: ='CubeSat-i'!$S$17 | X13: ='CubeSat-i'!$T$17 | Y13: ='CubeSat-i'!$U$17 | Z13: ='CubeSat-i'!$V$17 | AA13: ='CubeSat-i'!$W$17 | AB13: ='CubeSat-i'!$X$17 | AC13: ='CubeSat-i'!$Y$17 | AD13: ='CubeSat-i'!$Z$17
A14: tab:case_i_cs_experiments | B14: i | C14: CubeSat | D14: raw | E14: ='CubeSat-i'!$A$18 | F14: ='CubeSat-i'!$B$18 | G14: ='CubeSat-i'!$C$18 | H14: ='CubeSat-i'!$D$18 | I14: ='CubeSat-i'!$E$18 | J14: ='CubeSat-i'!$F$18 | K14: ='CubeSat-i'!$G$18 | L14: ='CubeSat-i'!$H$18 | M14: ='CubeSat-i'!$I$18 | N14: ='CubeSat-i'!$J$18 | O14: ='CubeSat-i'!$K$18 | P14: ='CubeSat-i'!$L$18 | Q14: ='CubeSat-i'!$M$18 | R14: ='CubeSat-i'!$N$18 | S14: ='CubeSat-i'!$O$18 | T14: ='CubeSat-i'!$P$18 | U14: ='CubeSat-i'!$Q$18 | V14: ='CubeSat-i'!$R$18 | W14: ='CubeSat-i'!$S$18 | X14: ='CubeSat-i'!$T$18 | Y14: ='CubeSat-i'!$U$18 | Z14: ='CubeSat-i'!$V$18 | AA14: ='CubeSat-i'!$W$18 | AB14: ='CubeSat-i'!$X$18 | AC14: ='CubeSat-i'!$Y$18 | AD14: ='CubeSat-i'!$Z$18
A15: tab:case_i_cs_experiments | B15: i | C15: CubeSat | D15: raw | E15: ='CubeSat-i'!$A$19 | F15: ='CubeSat-i'!$B$19 | G15: ='CubeSat-i'!$C$19 | H15: ='CubeSat-i'!$D$19 | I15: ='CubeSat-i'!$E$19 | J15: ='CubeSat-i'!$F$19 | K15: ='CubeSat-i'!$G$19 | L15: ='CubeSat-i'!$H$19 | M15: ='CubeSat-i'!$I$19 | N15: ='CubeSat-i'!$J$19 | O15: ='CubeSat-i'!$K$19 | P15: ='CubeSat-i'!$L$19 | Q15: ='CubeSat-i'!$M$19 | R15: ='CubeSat-i'!$N$19 | S15: ='CubeSat-i'!$O$19 | T15: ='CubeSat-i'!$P$19 | U15: ='CubeSat-i'!$Q$19 | V15: ='CubeSat-i'!$R$19 | W15: ='CubeSat-i'!$S$19 | X15: ='CubeSat-i'!$T$19 | Y15: ='CubeSat-i'!$U$19 | Z15: ='CubeSat-i'!$V$19 | AA15: ='CubeSat-i'!$W$19 | AB15: ='CubeSat-i'!$X$19 | AC15: ='CubeSat-i'!$Y$19 | AD15: ='CubeSat-i'!$Z$19
A16: tab:case_i_cs_experiments | B16: i | C16: CubeSat | D16: raw | E16: ='CubeSat-i'!$A$20 | F16: ='CubeSat-i'!$B$20 | G16: ='CubeSat-i'!$C$20 | H16: ='CubeSat-i'!$D$20 | I16: ='CubeSat-i'!$E$20 | J16: ='CubeSat-i'!$F$20 | K16: ='CubeSat-i'!$G$20 | L16: ='CubeSat-i'!$H$20 | M16: ='CubeSat-i'!$I$20 | N16: ='CubeSat-i'!$J$20 | O16: ='CubeSat-i'!$K$20 | P16: ='CubeSat-i'!$L$20 | Q16: ='CubeSat-i'!$M$20 | R16: ='CubeSat-i'!$N$20 | S16: ='CubeSat-i'!$O$20 | T16: ='CubeSat-i'!$P$20 | U16: ='CubeSat-i'!$Q$20 | V16: ='CubeSat-i'!$R$20 | W16: ='CubeSat-i'!$S$20 | X16: ='CubeSat-i'!$T$20 | Y16: ='CubeSat-i'!$U$20 | Z16: ='CubeSat-i'!$V$20 | AA16: ='CubeSat-i'!$W$20 | AB16: ='CubeSat-i'!$X$20 | AC16: ='CubeSat-i'!$Y$20 | AD16: ='CubeSat-i'!$Z$20
A17: tab:case_i_cs_experiments | B17: i | C17: CubeSat | D17: raw | E17: ='CubeSat-i'!$A$21 | F17: ='CubeSat-i'!$B$21 | G17: ='CubeSat-i'!$C$21 | H17: ='CubeSat-i'!$D$21 | I17: ='CubeSat-i'!$E$21 | J17: ='CubeSat-i'!$F$21 | K17: ='CubeSat-i'!$G$21 | L17: ='CubeSat-i'!$H$21 | M17: ='CubeSat-i'!$I$21 | N17: ='CubeSat-i'!$J$21 | O17: ='CubeSat-i'!$K$21 | P17: ='CubeSat-i'!$L$21 | Q17: ='CubeSat-i'!$M$21 | R17: ='CubeSat-i'!$N$21 | S17: ='CubeSat-i'!$O$21 | T17: ='CubeSat-i'!$P$21 | U17: ='CubeSat-i'!$Q$21 | V17: ='CubeSat-i'!$R$21 | W17: ='CubeSat-i'!$S$21 | X17: ='CubeSat-i'!$T$21 | Y17: ='CubeSat-i'!$U$21 | Z17: ='CubeSat-i'!$V$21 | AA17: ='CubeSat-i'!$W$21 | AB17: ='CubeSat-i'!$X$21 | AC17: ='CubeSat-i'!$Y$21 | AD17: ='CubeSat-i'!$Z$21
A18: tab:case_i_cs_experiments | B18: i | C18: CubeSat | D18: raw | E18: ='CubeSat-i'!$A$22 | F18: ='CubeSat-i'!$B$22 | G18: ='CubeSat-i'!$C$22 | H18: ='CubeSat-i'!$D$22 | I18: ='CubeSat-i'!$E$22 | J18: ='CubeSat-i'!$F$22 | K18: ='CubeSat-i'!$G$22 | L18: ='CubeSat-i'!$H$22 | M18: ='CubeSat-i'!$I$22 | N18: ='CubeSat-i'!$J$22 | O18: ='CubeSat-i'!$K$22 | P18: ='CubeSat-i'!$L$22 | Q18: ='CubeSat-i'!$M$22 | R18: ='CubeSat-i'!$N$22 | S18: ='CubeSat-i'!$O$22 | T18: ='CubeSat-i'!$P$22 | U18: ='CubeSat-i'!$Q$22 | V18: ='CubeSat-i'!$R$22 | W18: ='CubeSat-i'!$S$22 | X18: ='CubeSat-i'!$T$22 | Y18: ='CubeSat-i'!$U$22 | Z18: ='CubeSat-i'!$V$22 | AA18: ='CubeSat-i'!$W$22 | AB18: ='CubeSat-i'!$X$22 | AC18: ='CubeSat-i'!$Y$22 | AD18: ='CubeSat-i'!$Z$22
A19: tab:case_i_cs_experiments | B19: i | C19: CubeSat | D19: raw | E19: ='CubeSat-i'!$A$23 | F19: ='CubeSat-i'!$B$23 | G19: ='CubeSat-i'!$C$23 | H19: ='CubeSat-i'!$D$23 | I19: ='CubeSat-i'!$E$23 | J19: ='CubeSat-i'!$F$23 | K19: ='CubeSat-i'!$G$23 | L19: ='CubeSat-i'!$H$23 | M19: ='CubeSat-i'!$I$23 | N19: ='CubeSat-i'!$J$23 | O19: ='CubeSat-i'!$K$23 | P19: ='CubeSat-i'!$L$23 | Q19: ='CubeSat-i'!$M$23 | R19: ='CubeSat-i'!$N$23 | S19: ='CubeSat-i'!$O$23 | T19: ='CubeSat-i'!$P$23 | U19: ='CubeSat-i'!$Q$23 | V19: ='CubeSat-i'!$R$23 | W19: ='CubeSat-i'!$S$23 | X19: ='CubeSat-i'!$T$23 | Y19: ='CubeSat-i'!$U$23 | Z19: ='CubeSat-i'!$V$23 | AA19: ='CubeSat-i'!$W$23 | AB19: ='CubeSat-i'!$X$23 | AC19: ='CubeSat-i'!$Y$23 | AD19: ='CubeSat-i'!$Z$23
A20: tab:case_i_cs_experiments | B20: i | C20: CubeSat | D20: raw | E20: ='CubeSat-i'!$A$24 | F20: ='CubeSat-i'!$B$24 | G20: ='CubeSat-i'!$C$24 | H20: ='CubeSat-i'!$D$24 | I20: ='CubeSat-i'!$E$24 | J20: ='CubeSat-i'!$F$24 | K20: ='CubeSat-i'!$G$24 | L20: ='CubeSat-i'!$H$24 | M20: ='CubeSat-i'!$I$24 | N20: ='CubeSat-i'!$J$24 | O20: ='CubeSat-i'!$K$24 | P20: ='CubeSat-i'!$L$24 | Q20: ='CubeSat-i'!$M$24 | R20: ='CubeSat-i'!$N$24 | S20: ='CubeSat-i'!$O$24 | T20: ='CubeSat-i'!$P$24 | U20: ='CubeSat-i'!$Q$24 | V20: ='CubeSat-i'!$R$24 | W20: ='CubeSat-i'!$S$24 | X20: ='CubeSat-i'!$T$24 | Y20: ='CubeSat-i'!$U$24 | Z20: ='CubeSat-i'!$V$24 | AA20: ='CubeSat-i'!$W$24 | AB20: ='CubeSat-i'!$X$24 | AC20: ='CubeSat-i'!$Y$24 | AD20: ='CubeSat-i'!$Z$24
A21: tab:case_i_cs_experiments | B21: i | C21: CubeSat | D21: raw | E21: ='CubeSat-i'!$A$25 | F21: ='CubeSat-i'!$B$25 | G21: ='CubeSat-i'!$C$25 | H21: ='CubeSat-i'!$D$25 | I21: ='CubeSat-i'!$E$25 | J21: ='CubeSat-i'!$F$25 | K21: ='CubeSat-i'!$G$25 | L21: ='CubeSat-i'!$H$25 | M21: ='CubeSat-i'!$I$25 | N21: ='CubeSat-i'!$J$25 | O21: ='CubeSat-i'!$K$25 | P21: ='CubeSat-i'!$L$25 | Q21: ='CubeSat-i'!$M$25 | R21: ='CubeSat-i'!$N$25 | S21: ='CubeSat-i'!$O$25 | T21: ='CubeSat-i'!$P$25 | U21: ='CubeSat-i'!$Q$25 | V21: ='CubeSat-i'!$R$25 | W21: ='CubeSat-i'!$S$25 | X21: ='CubeSat-i'!$T$25 | Y21: ='CubeSat-i'!$U$25 | Z21: ='CubeSat-i'!$V$25 | AA21: ='CubeSat-i'!$W$25 | AB21: ='CubeSat-i'!$X$25 | AC21: ='CubeSat-i'!$Y$25 | AD21: ='CubeSat-i'!$Z$25
A22: tab:case_i_cs_experiments | B22: i | C22: CubeSat | D22: raw | E22: ='CubeSat-i'!$A$26 | F22: ='CubeSat-i'!$B$26 | G22: ='CubeSat-i'!$C$26 | H22: ='CubeSat-i'!$D$26 | I22: ='CubeSat-i'!$E$26 | J22: ='CubeSat-i'!$F$26 | K22: ='CubeSat-i'!$G$26 | L22: ='CubeSat-i'!$H$26 | M22: ='CubeSat-i'!$I$26 | N22: ='CubeSat-i'!$J$26 | O22: ='CubeSat-i'!$K$26 | P22: ='CubeSat-i'!$L$26 | Q22: ='CubeSat-i'!$M$26 | R22: ='CubeSat-i'!$N$26 | S22: ='CubeSat-i'!$O$26 | T22: ='CubeSat-i'!$P$26 | U22: ='CubeSat-i'!$Q$26 | V22: ='CubeSat-i'!$R$26 | W22: ='CubeSat-i'!$S$26 | X22: ='CubeSat-i'!$T$26 | Y22: ='CubeSat-i'!$U$26 | Z22: ='CubeSat-i'!$V$26 | AA22: ='CubeSat-i'!$W$26 | AB22: ='CubeSat-i'!$X$26 | AC22: ='CubeSat-i'!$Y$26 | AD22: ='CubeSat-i'!$Z$26
A23: tab:case_i_cs_experiments | B23: i | C23: CubeSat | D23: raw | E23: ='CubeSat-i'!$A$27 | F23: ='CubeSat-i'!$B$27 | G23: ='CubeSat-i'!$C$27 | H23: ='CubeSat-i'!$D$27 | I23: ='CubeSat-i'!$E$27 | J23: ='CubeSat-i'!$F$27 | K23: ='CubeSat-i'!$G$27 | L23: ='CubeSat-i'!$H$27 | M23: ='CubeSat-i'!$I$27 | N23: ='CubeSat-i'!$J$27 | O23: ='CubeSat-i'!$K$27 | P23: ='CubeSat-i'!$L$27 | Q23: ='CubeSat-i'!$M$27 | R23: ='CubeSat-i'!$N$27 | S23: ='CubeSat-i'!$O$27 | T23: ='CubeSat-i'!$P$27 | U23: ='CubeSat-i'!$Q$27 | V23: ='CubeSat-i'!$R$27 | W23: ='CubeSat-i'!$S$27 | X23: ='CubeSat-i'!$T$27 | Y23: ='CubeSat-i'!$U$27 | Z23: ='CubeSat-i'!$V$27 | AA23: ='CubeSat-i'!$W$27 | AB23: ='CubeSat-i'!$X$27 | AC23: ='CubeSat-i'!$Y$27 | AD23: ='CubeSat-i'!$Z$27
A24: tab:case_i_cs_experiments | B24: i | C24: CubeSat | D24: raw | E24: ='CubeSat-i'!$A$28 | F24: ='CubeSat-i'!$B$28 | G24: ='CubeSat-i'!$C$28 | H24: ='CubeSat-i'!$D$28 | I24: ='CubeSat-i'!$E$28 | J24: ='CubeSat-i'!$F$28 | K24: ='CubeSat-i'!$G$28 | L24: ='CubeSat-i'!$H$28 | M24: ='CubeSat-i'!$I$28 | N24: ='CubeSat-i'!$J$28 | O24: ='CubeSat-i'!$K$28 | P24: ='CubeSat-i'!$L$28 | Q24: ='CubeSat-i'!$M$28 | R24: ='CubeSat-i'!$N$28 | S24: ='CubeSat-i'!$O$28 | T24: ='CubeSat-i'!$P$28 | U24: ='CubeSat-i'!$Q$28 | V24: ='CubeSat-i'!$R$28 | W24: ='CubeSat-i'!$S$28 | X24: ='CubeSat-i'!$T$28 | Y24: ='CubeSat-i'!$U$28 | Z24: ='CubeSat-i'!$V$28 | AA24: ='CubeSat-i'!$W$28 | AB24: ='CubeSat-i'!$X$28 | AC24: ='CubeSat-i'!$Y$28 | AD24: ='CubeSat-i'!$Z$28
A25: tab:case_i_cs_experiments | B25: i | C25: CubeSat | D25: raw | E25: ='CubeSat-i'!$A$29 | F25: ='CubeSat-i'!$B$29 | G25: ='CubeSat-i'!$C$29 | H25: ='CubeSat-i'!$D$29 | I25: ='CubeSat-i'!$E$29 | J25: ='CubeSat-i'!$F$29 | K25: ='CubeSat-i'!$G$29 | L25: ='CubeSat-i'!$H$29 | M25: ='CubeSat-i'!$I$29 | N25: ='CubeSat-i'!$J$29 | O25: ='CubeSat-i'!$K$29 | P25: ='CubeSat-i'!$L$29 | Q25: ='CubeSat-i'!$M$29 | R25: ='CubeSat-i'!$N$29 | S25: ='CubeSat-i'!$O$29 | T25: ='CubeSat-i'!$P$29 | U25: ='CubeSat-i'!$Q$29 | V25: ='CubeSat-i'!$R$29 | W25: ='CubeSat-i'!$S$29 | X25: ='CubeSat-i'!$T$29 | Y25: ='CubeSat-i'!$U$29 | Z25: ='CubeSat-i'!$V$29 | AA25: ='CubeSat-i'!$W$29 | AB25: ='CubeSat-i'!$X$29 | AC25: ='CubeSat-i'!$Y$29 | AD25: ='CubeSat-i'!$Z$29
A26: tab:case_i_cs_experiments | B26: i | C26: CubeSat | D26: raw | E26: ='CubeSat-i'!$A$30 | F26: ='CubeSat-i'!$B$30 | G26: ='CubeSat-i'!$C$30 | H26: ='CubeSat-i'!$D$30 | I26: ='CubeSat-i'!$E$30 | J26: ='CubeSat-i'!$F$30 | K26: ='CubeSat-i'!$G$30 | L26: ='CubeSat-i'!$H$30 | M26: ='CubeSat-i'!$I$30 | N26: ='CubeSat-i'!$J$30 | O26: ='CubeSat-i'!$K$30 | P26: ='CubeSat-i'!$L$30 | Q26: ='CubeSat-i'!$M$30 | R26: ='CubeSat-i'!$N$30 | S26: ='CubeSat-i'!$O$30 | T26: ='CubeSat-i'!$P$30 | U26: ='CubeSat-i'!$Q$30 | V26: ='CubeSat-i'!$R$30 | W26: ='CubeSat-i'!$S$30 | X26: ='CubeSat-i'!$T$30 | Y26: ='CubeSat-i'!$U$30 | Z26: ='CubeSat-i'!$V$30 | AA26: ='CubeSat-i'!$W$30 | AB26: ='CubeSat-i'!$X$30 | AC26: ='CubeSat-i'!$Y$30 | AD26: ='CubeSat-i'!$Z$30
A27: tab:case_i_cs_experiments | B27: i | C27: CubeSat | D27: raw | E27: ='CubeSat-i'!$A$31 | F27: ='CubeSat-i'!$B$31 | G27: ='CubeSat-i'!$C$31 | H27: ='CubeSat-i'!$D$31 | I27: ='CubeSat-i'!$E$31 | J27: ='CubeSat-i'!$F$31 | K27: ='CubeSat-i'!$G$31 | L27: ='CubeSat-i'!$H$31 | M27: ='CubeSat-i'!$I$31 | N27: ='CubeSat-i'!$J$31 | O27: ='CubeSat-i'!$K$31 | P27: ='CubeSat-i'!$L$31 | Q27: ='CubeSat-i'!$M$31 | R27: ='CubeSat-i'!$N$31 | S27: ='CubeSat-i'!$O$31 | T27: ='CubeSat-i'!$P$31 | U27: ='CubeSat-i'!$Q$31 | V27: ='CubeSat-i'!$R$31 | W27: ='CubeSat-i'!$S$31 | X27: ='CubeSat-i'!$T$31 | Y27: ='CubeSat-i'!$U$31 | Z27: ='CubeSat-i'!$V$31 | AA27: ='CubeSat-i'!$W$31 | AB27: ='CubeSat-i'!$X$31 | AC27: ='CubeSat-i'!$Y$31 | AD27: ='CubeSat-i'!$Z$31
A28: tab:case_i_cs_experiments | B28: i | C28: CubeSat | D28: raw | E28: ='CubeSat-i'!$A$32 | F28: ='CubeSat-i'!$B$32 | G28: ='CubeSat-i'!$C$32 | H28: ='CubeSat-i'!$D$32 | I28: ='CubeSat-i'!$E$32 | J28: ='CubeSat-i'!$F$32 | K28: ='CubeSat-i'!$G$32 | L28: ='CubeSat-i'!$H$32 | M28: ='CubeSat-i'!$I$32 | N28: ='CubeSat-i'!$J$32 | O28: ='CubeSat-i'!$K$32 | P28: ='CubeSat-i'!$L$32 | Q28: ='CubeSat-i'!$M$32 | R28: ='CubeSat-i'!$N$32 | S28: ='CubeSat-i'!$O$32 | T28: ='CubeSat-i'!$P$32 | U28: ='CubeSat-i'!$Q$32 | V28: ='CubeSat-i'!$R$32 | W28: ='CubeSat-i'!$S$32 | X28: ='CubeSat-i'!$T$32 | Y28: ='CubeSat-i'!$U$32 | Z28: ='CubeSat-i'!$V$32 | AA28: ='CubeSat-i'!$W$32 | AB28: ='CubeSat-i'!$X$32 | AC28: ='CubeSat-i'!$Y$32 | AD28: ='CubeSat-i'!$Z$32
A29: tab:case_i_cs_experiments | B29: i | C29: CubeSat | D29: raw | E29: ='CubeSat-i'!$A$33 | F29: ='CubeSat-i'!$B$33 | G29: ='CubeSat-i'!$C$33 | H29: ='CubeSat-i'!$D$33 | I29: ='CubeSat-i'!$E$33 | J29: ='CubeSat-i'!$F$33 | K29: ='CubeSat-i'!$G$33 | L29: ='CubeSat-i'!$H$33 | M29: ='CubeSat-i'!$I$33 | N29: ='CubeSat-i'!$J$33 | O29: ='CubeSat-i'!$K$33 | P29: ='CubeSat-i'!$L$33 | Q29: ='CubeSat-i'!$M$33 | R29: ='CubeSat-i'!$N$33 | S29: ='CubeSat-i'!$O$33 | T29: ='CubeSat-i'!$P$33 | U29: ='CubeSat-i'!$Q$33 | V29: ='CubeSat-i'!$R$33 | W29: ='CubeSat-i'!$S$33 | X29: ='CubeSat-i'!$T$33 | Y29: ='CubeSat-i'!$U$33 | Z29: ='CubeSat-i'!$V$33 | AA29: ='CubeSat-i'!$W$33 | AB29: ='CubeSat-i'!$X$33 | AC29: ='CubeSat-i'!$Y$33 | AD29: ='CubeSat-i'!$Z$33
A30: tab:case_i_cs_experiments | B30: i | C30: CubeSat | D30: raw | E30: ='CubeSat-i'!$A$34 | F30: ='CubeSat-i'!$B$34 | G30: ='CubeSat-i'!$C$34 | H30: ='CubeSat-i'!$D$34 | I30: ='CubeSat-i'!$E$34 | J30: ='CubeSat-i'!$F$34 | K30: ='CubeSat-i'!$G$34 | L30: ='CubeSat-i'!$H$34 | M30: ='CubeSat-i'!$I$34 | N30: ='CubeSat-i'!$J$34 | O30: ='CubeSat-i'!$K$34 | P30: ='CubeSat-i'!$L$34 | Q30: ='CubeSat-i'!$M$34 | R30: ='CubeSat-i'!$N$34 | S30: ='CubeSat-i'!$O$34 | T30: ='CubeSat-i'!$P$34 | U30: ='CubeSat-i'!$Q$34 | V30: ='CubeSat-i'!$R$34 | W30: ='CubeSat-i'!$S$34 | X30: ='CubeSat-i'!$T$34 | Y30: ='CubeSat-i'!$U$34 | Z30: ='CubeSat-i'!$V$34 | AA30: ='CubeSat-i'!$W$34 | AB30: ='CubeSat-i'!$X$34 | AC30: ='CubeSat-i'!$Y$34 | AD30: ='CubeSat-i'!$Z$34
A31: tab:case_i_cs_experiments | B31: i | C31: CubeSat | D31: raw | E31: ='CubeSat-i'!$A$35 | F31: ='CubeSat-i'!$B$35 | G31: ='CubeSat-i'!$C$35 | H31: ='CubeSat-i'!$D$35 | I31: ='CubeSat-i'!$E$35 | J31: ='CubeSat-i'!$F$35 | K31: ='CubeSat-i'!$G$35 | L31: ='CubeSat-i'!$H$35 | M31: ='CubeSat-i'!$I$35 | N31: ='CubeSat-i'!$J$35 | O31: ='CubeSat-i'!$K$35 | P31: ='CubeSat-i'!$L$35 | Q31: ='CubeSat-i'!$M$35 | R31: ='CubeSat-i'!$N$35 | S31: ='CubeSat-i'!$O$35 | T31: ='CubeSat-i'!$P$35 | U31: ='CubeSat-i'!$Q$35 | V31: ='CubeSat-i'!$R$35 | W31: ='CubeSat-i'!$S$35 | X31: ='CubeSat-i'!$T$35 | Y31: ='CubeSat-i'!$U$35 | Z31: ='CubeSat-i'!$V$35 | AA31: ='CubeSat-i'!$W$35 | AB31: ='CubeSat-i'!$X$35 | AC31: ='CubeSat-i'!$Y$35 | AD31: ='CubeSat-i'!$Z$35
A32: tab:case_i_cs_experiments | B32: i | C32: CubeSat | D32: raw | E32: ='CubeSat-i'!$A$36 | F32: ='CubeSat-i'!$B$36 | G32: ='CubeSat-i'!$C$36 | H32: ='CubeSat-i'!$D$36 | I32: ='CubeSat-i'!$E$36 | J32: ='CubeSat-i'!$F$36 | K32: ='CubeSat-i'!$G$36 | L32: ='CubeSat-i'!$H$36 | M32: ='CubeSat-i'!$I$36 | N32: ='CubeSat-i'!$J$36 | O32: ='CubeSat-i'!$K$36 | P32: ='CubeSat-i'!$L$36 | Q32: ='CubeSat-i'!$M$36 | R32: ='CubeSat-i'!$N$36 | S32: ='CubeSat-i'!$O$36 | T32: ='CubeSat-i'!$P$36 | U32: ='CubeSat-i'!$Q$36 | V32: ='CubeSat-i'!$R$36 | W32: ='CubeSat-i'!$S$36 | X32: ='CubeSat-i'!$T$36 | Y32: ='CubeSat-i'!$U$36 | Z32: ='CubeSat-i'!$V$36 | AA32: ='CubeSat-i'!$W$36 | AB32: ='CubeSat-i'!$X$36 | AC32: ='CubeSat-i'!$Y$36 | AD32: ='CubeSat-i'!$Z$36
A33: tab:case_i_cs_experiments | B33: i | C33: CubeSat | D33: raw | E33: ='CubeSat-i'!$A$37 | F33: ='CubeSat-i'!$B$37 | G33: ='CubeSat-i'!$C$37 | H33: ='CubeSat-i'!$D$37 | I33: ='CubeSat-i'!$E$37 | J33: ='CubeSat-i'!$F$37 | K33: ='CubeSat-i'!$G$37 | L33: ='CubeSat-i'!$H$37 | M33: ='CubeSat-i'!$I$37 | N33: ='CubeSat-i'!$J$37 | O33: ='CubeSat-i'!$K$37 | P33: ='CubeSat-i'!$L$37 | Q33: ='CubeSat-i'!$M$37 | R33: ='CubeSat-i'!$N$37 | S33: ='CubeSat-i'!$O$37 | T33: ='CubeSat-i'!$P$37 | U33: ='CubeSat-i'!$Q$37 | V33: ='CubeSat-i'!$R$37 | W33: ='CubeSat-i'!$S$37 | X33: ='CubeSat-i'!$T$37 | Y33: ='CubeSat-i'!$U$37 | Z33: ='CubeSat-i'!$V$37 | AA33: ='CubeSat-i'!$W$37 | AB33: ='CubeSat-i'!$X$37 | AC33: ='CubeSat-i'!$Y$37 | AD33: ='CubeSat-i'!$Z$37
A34: tab:case_i_cs_experiments | B34: i | C34: CubeSat | D34: raw | E34: ='CubeSat-i'!$A$38 | F34: ='CubeSat-i'!$B$38 | G34: ='CubeSat-i'!$C$38 | H34: ='CubeSat-i'!$D$38 | I34: ='CubeSat-i'!$E$38 | J34: ='CubeSat-i'!$F$38 | K34: ='CubeSat-i'!$G$38 | L34: ='CubeSat-i'!$H$38 | M34: ='CubeSat-i'!$I$38 | N34: ='CubeSat-i'!$J$38 | O34: ='CubeSat-i'!$K$38 | P34: ='CubeSat-i'!$L$38 | Q34: ='CubeSat-i'!$M$38 | R34: ='CubeSat-i'!$N$38 | S34: ='CubeSat-i'!$O$38 | T34: ='CubeSat-i'!$P$38 | U34: ='CubeSat-i'!$Q$38 | V34: ='CubeSat-i'!$R$38 | W34: ='CubeSat-i'!$S$38 | X34: ='CubeSat-i'!$T$38 | Y34: ='CubeSat-i'!$U$38 | Z34: ='CubeSat-i'!$V$38 | AA34: ='CubeSat-i'!$W$38 | AB34: ='CubeSat-i'!$X$38 | AC34: ='CubeSat-i'!$Y$38 | AD34: ='CubeSat-i'!$Z$38
A35: tab:case_i_cs_experiments | B35: i | C35: CubeSat | D35: raw | E35: ='CubeSat-i'!$A$39 | F35: ='CubeSat-i'!$B$39 | G35: ='CubeSat-i'!$C$39 | H35: ='CubeSat-i'!$D$39 | I35: ='CubeSat-i'!$E$39 | J35: ='CubeSat-i'!$F$39 | K35: ='CubeSat-i'!$G$39 | L35: ='CubeSat-i'!$H$39 | M35: ='CubeSat-i'!$I$39 | N35: ='CubeSat-i'!$J$39 | O35: ='CubeSat-i'!$K$39 | P35: ='CubeSat-i'!$L$39 | Q35: ='CubeSat-i'!$M$39 | R35: ='CubeSat-i'!$N$39 | S35: ='CubeSat-i'!$O$39 | T35: ='CubeSat-i'!$P$39 | U35: ='CubeSat-i'!$Q$39 | V35: ='CubeSat-i'!$R$39 | W35: ='CubeSat-i'!$S$39 | X35: ='CubeSat-i'!$T$39 | Y35: ='CubeSat-i'!$U$39 | Z35: ='CubeSat-i'!$V$39 | AA35: ='CubeSat-i'!$W$39 | AB35: ='CubeSat-i'!$X$39 | AC35: ='CubeSat-i'!$Y$39 | AD35: ='CubeSat-i'!$Z$39
A36: tab:case_i_cs_experiments | B36: i | C36: CubeSat | D36: raw | E36: ='CubeSat-i'!$A$40 | F36: ='CubeSat-i'!$B$40 | G36: ='CubeSat-i'!$C$40 | H36: ='CubeSat-i'!$D$40 | I36: ='CubeSat-i'!$E$40 | J36: ='CubeSat-i'!$F$40 | K36: ='CubeSat-i'!$G$40 | L36: ='CubeSat-i'!$H$40 | M36: ='CubeSat-i'!$I$40 | N36: ='CubeSat-i'!$J$40 | O36: ='CubeSat-i'!$K$40 | P36: ='CubeSat-i'!$L$40 | Q36: ='CubeSat-i'!$M$40 | R36: ='CubeSat-i'!$N$40 | S36: ='CubeSat-i'!$O$40 | T36: ='CubeSat-i'!$P$40 | U36: ='CubeSat-i'!$Q$40 | V36: ='CubeSat-i'!$R$40 | W36: ='CubeSat-i'!$S$40 | X36: ='CubeSat-i'!$T$40 | Y36: ='CubeSat-i'!$U$40 | Z36: ='CubeSat-i'!$V$40 | AA36: ='CubeSat-i'!$W$40 | AB36: ='CubeSat-i'!$X$40 | AC36: ='CubeSat-i'!$Y$40 | AD36: ='CubeSat-i'!$Z$40
A37: tab:case_i_cs_experiments | B37: i | C37: CubeSat | D37: raw | E37: ='CubeSat-i'!$A$41 | F37: ='CubeSat-i'!$B$41 | G37: ='CubeSat-i'!$C$41 | H37: ='CubeSat-i'!$D$41 | I37: ='CubeSat-i'!$E$41 | J37: ='CubeSat-i'!$F$41 | K37: ='CubeSat-i'!$G$41 | L37: ='CubeSat-i'!$H$41 | M37: ='CubeSat-i'!$I$41 | N37: ='CubeSat-i'!$J$41 | O37: ='CubeSat-i'!$K$41 | P37: ='CubeSat-i'!$L$41 | Q37: ='CubeSat-i'!$M$41 | R37: ='CubeSat-i'!$N$41 | S37: ='CubeSat-i'!$O$41 | T37: ='CubeSat-i'!$P$41 | U37: ='CubeSat-i'!$Q$41 | V37: ='CubeSat-i'!$R$41 | W37: ='CubeSat-i'!$S$41 | X37: ='CubeSat-i'!$T$41 | Y37: ='CubeSat-i'!$U$41 | Z37: ='CubeSat-i'!$V$41 | AA37: ='CubeSat-i'!$W$41 | AB37: ='CubeSat-i'!$X$41 | AC37: ='CubeSat-i'!$Y$41 | AD37: ='CubeSat-i'!$Z$41
A38: tab:case_i_cs_experiments | B38: i | C38: CubeSat | D38: raw | E38: ='CubeSat-i'!$A$42 | F38: ='CubeSat-i'!$B$42 | G38: ='CubeSat-i'!$C$42 | H38: ='CubeSat-i'!$D$42 | I38: ='CubeSat-i'!$E$42 | J38: ='CubeSat-i'!$F$42 | K38: ='CubeSat-i'!$G$42 | L38: ='CubeSat-i'!$H$42 | M38: ='CubeSat-i'!$I$42 | N38: ='CubeSat-i'!$J$42 | O38: ='CubeSat-i'!$K$42 | P38: ='CubeSat-i'!$L$42 | Q38: ='CubeSat-i'!$M$42 | R38: ='CubeSat-i'!$N$42 | S38: ='CubeSat-i'!$O$42 | T38: ='CubeSat-i'!$P$42 | U38: ='CubeSat-i'!$Q$42 | V38: ='CubeSat-i'!$R$42 | W38: ='CubeSat-i'!$S$42 | X38: ='CubeSat-i'!$T$42 | Y38: ='CubeSat-i'!$U$42 | Z38: ='CubeSat-i'!$V$42 | AA38: ='CubeSat-i'!$W$42 | AB38: ='CubeSat-i'!$X$42 | AC38: ='CubeSat-i'!$Y$42 | AD38: ='CubeSat-i'!$Z$42
A39: tab:case_i_cs_experiments | B39: i | C39: CubeSat | D39: raw | E39: ='CubeSat-i'!$A$43 | F39: ='CubeSat-i'!$B$43 | G39: ='CubeSat-i'!$C$43 | H39: ='CubeSat-i'!$D$43 | I39: ='CubeSat-i'!$E$43 | J39: ='CubeSat-i'!$F$43 | K39: ='CubeSat-i'!$G$43 | L39: ='CubeSat-i'!$H$43 | M39: ='CubeSat-i'!$I$43 | N39: ='CubeSat-i'!$J$43 | O39: ='CubeSat-i'!$K$43 | P39: ='CubeSat-i'!$L$43 | Q39: ='CubeSat-i'!$M$43 | R39: ='CubeSat-i'!$N$43 | S39: ='CubeSat-i'!$O$43 | T39: ='CubeSat-i'!$P$43 | U39: ='CubeSat-i'!$Q$43 | V39: ='CubeSat-i'!$R$43 | W39: ='CubeSat-i'!$S$43 | X39: ='CubeSat-i'!$T$43 | Y39: ='CubeSat-i'!$U$43 | Z39: ='CubeSat-i'!$V$43 | AA39: ='CubeSat-i'!$W$43 | AB39: ='CubeSat-i'!$X$43 | AC39: ='CubeSat-i'!$Y$43 | AD39: ='CubeSat-i'!$Z$43
A40: tab:case_i_cs_experiments | B40: i | C40: CubeSat | D40: raw | E40: ='CubeSat-i'!$A$44 | F40: ='CubeSat-i'!$B$44 | G40: ='CubeSat-i'!$C$44 | H40: ='CubeSat-i'!$D$44 | I40: ='CubeSat-i'!$E$44 | J40: ='CubeSat-i'!$F$44 | K40: ='CubeSat-i'!$G$44 | L40: ='CubeSat-i'!$H$44 | M40: ='CubeSat-i'!$I$44 | N40: ='CubeSat-i'!$J$44 | O40: ='CubeSat-i'!$K$44 | P40: ='CubeSat-i'!$L$44 | Q40: ='CubeSat-i'!$M$44 | R40: ='CubeSat-i'!$N$44 | S40: ='CubeSat-i'!$O$44 | T40: ='CubeSat-i'!$P$44 | U40: ='CubeSat-i'!$Q$44 | V40: ='CubeSat-i'!$R$44 | W40: ='CubeSat-i'!$S$44 | X40: ='CubeSat-i'!$T$44 | Y40: ='CubeSat-i'!$U$44 | Z40: ='CubeSat-i'!$V$44 | AA40: ='CubeSat-i'!$W$44 | AB40: ='CubeSat-i'!$X$44 | AC40: ='CubeSat-i'!$Y$44 | AD40: ='CubeSat-i'!$Z$44
A41: tab:case_i_cs_experiments | B41: i | C41: CubeSat | D41: raw | E41: ='CubeSat-i'!$A$45 | F41: ='CubeSat-i'!$B$45 | G41: ='CubeSat-i'!$C$45 | H41: ='CubeSat-i'!$D$45 | I41: ='CubeSat-i'!$E$45 | J41: ='CubeSat-i'!$F$45 | K41: ='CubeSat-i'!$G$45 | L41: ='CubeSat-i'!$H$45 | M41: ='CubeSat-i'!$I$45 | N41: ='CubeSat-i'!$J$45 | O41: ='CubeSat-i'!$K$45 | P41: ='CubeSat-i'!$L$45 | Q41: ='CubeSat-i'!$M$45 | R41: ='CubeSat-i'!$N$45 | S41: ='CubeSat-i'!$O$45 | T41: ='CubeSat-i'!$P$45 | U41: ='CubeSat-i'!$Q$45 | V41: ='CubeSat-i'!$R$45 | W41: ='CubeSat-i'!$S$45 | X41: ='CubeSat-i'!$T$45 | Y41: ='CubeSat-i'!$U$45 | Z41: ='CubeSat-i'!$V$45 | AA41: ='CubeSat-i'!$W$45 | AB41: ='CubeSat-i'!$X$45 | AC41: ='CubeSat-i'!$Y$45 | AD41: ='CubeSat-i'!$Z$45
A42: tab:case_i_cs_experiments | B42: i | C42: CubeSat | D42: raw | E42: ='CubeSat-i'!$A$46 | F42: ='CubeSat-i'!$B$46 | G42: ='CubeSat-i'!$C$46 | H42: ='CubeSat-i'!$D$46 | I42: ='CubeSat-i'!$E$46 | J42: ='CubeSat-i'!$F$46 | K42: ='CubeSat-i'!$G$46 | L42: ='CubeSat-i'!$H$46 | M42: ='CubeSat-i'!$I$46 | N42: ='CubeSat-i'!$J$46 | O42: ='CubeSat-i'!$K$46 | P42: ='CubeSat-i'!$L$46 | Q42: ='CubeSat-i'!$M$46 | R42: ='CubeSat-i'!$N$46 | S42: ='CubeSat-i'!$O$46 | T42: ='CubeSat-i'!$P$46 | U42: ='CubeSat-i'!$Q$46 | V42: ='CubeSat-i'!$R$46 | W42: ='CubeSat-i'!$S$46 | X42: ='CubeSat-i'!$T$46 | Y42: ='CubeSat-i'!$U$46 | Z42: ='CubeSat-i'!$V$46 | AA42: ='CubeSat-i'!$W$46 | AB42: ='CubeSat-i'!$X$46 | AC42: ='CubeSat-i'!$Y$46 | AD42: ='CubeSat-i'!$Z$46
A43: tab:case_i_cs_experiments | B43: i | C43: CubeSat | D43: raw | E43: ='CubeSat-i'!$A$47 | F43: ='CubeSat-i'!$B$47 | G43: ='CubeSat-i'!$C$47 | H43: ='CubeSat-i'!$D$47 | I43: ='CubeSat-i'!$E$47 | J43: ='CubeSat-i'!$F$47 | K43: ='CubeSat-i'!$G$47 | L43: ='CubeSat-i'!$H$47 | M43: ='CubeSat-i'!$I$47 | N43: ='CubeSat-i'!$J$47 | O43: ='CubeSat-i'!$K$47 | P43: ='CubeSat-i'!$L$47 | Q43: ='CubeSat-i'!$M$47 | R43: ='CubeSat-i'!$N$47 | S43: ='CubeSat-i'!$O$47 | T43: ='CubeSat-i'!$P$47 | U43: ='CubeSat-i'!$Q$47 | V43: ='CubeSat-i'!$R$47 | W43: ='CubeSat-i'!$S$47 | X43: ='CubeSat-i'!$T$47 | Y43: ='CubeSat-i'!$U$47 | Z43: ='CubeSat-i'!$V$47 | AA43: ='CubeSat-i'!$W$47 | AB43: ='CubeSat-i'!$X$47 | AC43: ='CubeSat-i'!$Y$47 | AD43: ='CubeSat-i'!$Z$47
A44: tab:case_i_cs_experiments | B44: i | C44: CubeSat | D44: raw | E44: ='CubeSat-i'!$A$48 | F44: ='CubeSat-i'!$B$48 | G44: ='CubeSat-i'!$C$48 | H44: ='CubeSat-i'!$D$48 | I44: ='CubeSat-i'!$E$48 | J44: ='CubeSat-i'!$F$48 | K44: ='CubeSat-i'!$G$48 | L44: ='CubeSat-i'!$H$48 | M44: ='CubeSat-i'!$I$48 | N44: ='CubeSat-i'!$J$48 | O44: ='CubeSat-i'!$K$48 | P44: ='CubeSat-i'!$L$48 | Q44: ='CubeSat-i'!$M$48 | R44: ='CubeSat-i'!$N$48 | S44: ='CubeSat-i'!$O$48 | T44: ='CubeSat-i'!$P$48 | U44: ='CubeSat-i'!$Q$48 | V44: ='CubeSat-i'!$R$48 | W44: ='CubeSat-i'!$S$48 | X44: ='CubeSat-i'!$T$48 | Y44: ='CubeSat-i'!$U$48 | Z44: ='CubeSat-i'!$V$48 | AA44: ='CubeSat-i'!$W$48 | AB44: ='CubeSat-i'!$X$48 | AC44: ='CubeSat-i'!$Y$48 | AD44: ='CubeSat-i'!$Z$48
A45: tab:case_i_cs_experiments | B45: i | C45: CubeSat | D45: raw | E45: ='CubeSat-i'!$A$49 | F45: ='CubeSat-i'!$B$49 | G45: ='CubeSat-i'!$C$49 | H45: ='CubeSat-i'!$D$49 | I45: ='CubeSat-i'!$E$49 | J45: ='CubeSat-i'!$F$49 | K45: ='CubeSat-i'!$G$49 | L45: ='CubeSat-i'!$H$49 | M45: ='CubeSat-i'!$I$49 | N45: ='CubeSat-i'!$J$49 | O45: ='CubeSat-i'!$K$49 | P45: ='CubeSat-i'!$L$49 | Q45: ='CubeSat-i'!$M$49 | R45: ='CubeSat-i'!$N$49 | S45: ='CubeSat-i'!$O$49 | T45: ='CubeSat-i'!$P$49 | U45: ='CubeSat-i'!$Q$49 | V45: ='CubeSat-i'!$R$49 | W45: ='CubeSat-i'!$S$49 | X45: ='CubeSat-i'!$T$49 | Y45: ='CubeSat-i'!$U$49 | Z45: ='CubeSat-i'!$V$49 | AA45: ='CubeSat-i'!$W$49 | AB45: ='CubeSat-i'!$X$49 | AC45: ='CubeSat-i'!$Y$49 | AD45: ='CubeSat-i'!$Z$49
A46: tab:case_i_cs_experiments | B46: i | C46: CubeSat | D46: raw | E46: ='CubeSat-i'!$A$50 | F46: ='CubeSat-i'!$B$50 | G46: ='CubeSat-i'!$C$50 | H46: ='CubeSat-i'!$D$50 | I46: ='CubeSat-i'!$E$50 | J46: ='CubeSat-i'!$F$50 | K46: ='CubeSat-i'!$G$50 | L46: ='CubeSat-i'!$H$50 | M46: ='CubeSat-i'!$I$50 | N46: ='CubeSat-i'!$J$50 | O46: ='CubeSat-i'!$K$50 | P46: ='CubeSat-i'!$L$50 | Q46: ='CubeSat-i'!$M$50 | R46: ='CubeSat-i'!$N$50 | S46: ='CubeSat-i'!$O$50 | T46: ='CubeSat-i'!$P$50 | U46: ='CubeSat-i'!$Q$50 | V46: ='CubeSat-i'!$R$50 | W46: ='CubeSat-i'!$S$50 | X46: ='CubeSat-i'!$T$50 | Y46: ='CubeSat-i'!$U$50 | Z46: ='CubeSat-i'!$V$50 | AA46: ='CubeSat-i'!$W$50 | AB46: ='CubeSat-i'!$X$50 | AC46: ='CubeSat-i'!$Y$50 | AD46: ='CubeSat-i'!$Z$50
A47: tab:case_i_cs_experiments | B47: i | C47: CubeSat | D47: raw | E47: ='CubeSat-i'!$A$51 | F47: ='CubeSat-i'!$B$51 | G47: ='CubeSat-i'!$C$51 | H47: ='CubeSat-i'!$D$51 | I47: ='CubeSat-i'!$E$51 | J47: ='CubeSat-i'!$F$51 | K47: ='CubeSat-i'!$G$51 | L47: ='CubeSat-i'!$H$51 | M47: ='CubeSat-i'!$I$51 | N47: ='CubeSat-i'!$J$51 | O47: ='CubeSat-i'!$K$51 | P47: ='CubeSat-i'!$L$51 | Q47: ='CubeSat-i'!$M$51 | R47: ='CubeSat-i'!$N$51 | S47: ='CubeSat-i'!$O$51 | T47: ='CubeSat-i'!$P$51 | U47: ='CubeSat-i'!$Q$51 | V47: ='CubeSat-i'!$R$51 | W47: ='CubeSat-i'!$S$51 | X47: ='CubeSat-i'!$T$51 | Y47: ='CubeSat-i'!$U$51 | Z47: ='CubeSat-i'!$V$51 | AA47: ='CubeSat-i'!$W$51 | AB47: ='CubeSat-i'!$X$51 | AC47: ='CubeSat-i'!$Y$51 | AD47: ='CubeSat-i'!$Z$51
A48: tab:case_i_cs_experiments | B48: i | C48: CubeSat | D48: raw | E48: ='CubeSat-i'!$A$52 | F48: ='CubeSat-i'!$B$52 | G48: ='CubeSat-i'!$C$52 | H48: ='CubeSat-i'!$D$52 | I48: ='CubeSat-i'!$E$52 | J48: ='CubeSat-i'!$F$52 | K48: ='CubeSat-i'!$G$52 | L48: ='CubeSat-i'!$H$52 | M48: ='CubeSat-i'!$I$52 | N48: ='CubeSat-i'!$J$52 | O48: ='CubeSat-i'!$K$52 | P48: ='CubeSat-i'!$L$52 | Q48: ='CubeSat-i'!$M$52 | R48: ='CubeSat-i'!$N$52 | S48: ='CubeSat-i'!$O$52 | T48: ='CubeSat-i'!$P$52 | U48: ='CubeSat-i'!$Q$52 | V48: ='CubeSat-i'!$R$52 | W48: ='CubeSat-i'!$S$52 | X48: ='CubeSat-i'!$T$52 | Y48: ='CubeSat-i'!$U$52 | Z48: ='CubeSat-i'!$V$52 | AA48: ='CubeSat-i'!$W$52 | AB48: ='CubeSat-i'!$X$52 | AC48: ='CubeSat-i'!$Y$52 | AD48: ='CubeSat-i'!$Z$52
A49: tab:case_i_cs_experiments | B49: i | C49: CubeSat | D49: raw | E49: ='CubeSat-i'!$A$53 | F49: ='CubeSat-i'!$B$53 | G49: ='CubeSat-i'!$C$53 | H49: ='CubeSat-i'!$D$53 | I49: ='CubeSat-i'!$E$53 | J49: ='CubeSat-i'!$F$53 | K49: ='CubeSat-i'!$G$53 | L49: ='CubeSat-i'!$H$53 | M49: ='CubeSat-i'!$I$53 | N49: ='CubeSat-i'!$J$53 | O49: ='CubeSat-i'!$K$53 | P49: ='CubeSat-i'!$L$53 | Q49: ='CubeSat-i'!$M$53 | R49: ='CubeSat-i'!$N$53 | S49: ='CubeSat-i'!$O$53 | T49: ='CubeSat-i'!$P$53 | U49: ='CubeSat-i'!$Q$53 | V49: ='CubeSat-i'!$R$53 | W49: ='CubeSat-i'!$S$53 | X49: ='CubeSat-i'!$T$53 | Y49: ='CubeSat-i'!$U$53 | Z49: ='CubeSat-i'!$V$53 | AA49: ='CubeSat-i'!$W$53 | AB49: ='CubeSat-i'!$X$53 | AC49: ='CubeSat-i'!$Y$53 | AD49: ='CubeSat-i'!$Z$53
A50: tab:case_i_cs_experiments | B50: i | C50: CubeSat | D50: raw | E50: ='CubeSat-i'!$A$54 | F50: ='CubeSat-i'!$B$54 | G50: ='CubeSat-i'!$C$54 | H50: ='CubeSat-i'!$D$54 | I50: ='CubeSat-i'!$E$54 | J50: ='CubeSat-i'!$F$54 | K50: ='CubeSat-i'!$G$54 | L50: ='CubeSat-i'!$H$54 | M50: ='CubeSat-i'!$I$54 | N50: ='CubeSat-i'!$J$54 | O50: ='CubeSat-i'!$K$54 | P50: ='CubeSat-i'!$L$54 | Q50: ='CubeSat-i'!$M$54 | R50: ='CubeSat-i'!$N$54 | S50: ='CubeSat-i'!$O$54 | T50: ='CubeSat-i'!$P$54 | U50: ='CubeSat-i'!$Q$54 | V50: ='CubeSat-i'!$R$54 | W50: ='CubeSat-i'!$S$54 | X50: ='CubeSat-i'!$T$54 | Y50: ='CubeSat-i'!$U$54 | Z50: ='CubeSat-i'!$V$54 | AA50: ='CubeSat-i'!$W$54 | AB50: ='CubeSat-i'!$X$54 | AC50: ='CubeSat-i'!$Y$54 | AD50: ='CubeSat-i'!$Z$54
A51: tab:case_i_cs_experiments | B51: i | C51: CubeSat | D51: raw | E51: ='CubeSat-i'!$A$55 | F51: ='CubeSat-i'!$B$55 | G51: ='CubeSat-i'!$C$55 | H51: ='CubeSat-i'!$D$55 | I51: ='CubeSat-i'!$E$55 | J51: ='CubeSat-i'!$F$55 | K51: ='CubeSat-i'!$G$55 | L51: ='CubeSat-i'!$H$55 | M51: ='CubeSat-i'!$I$55 | N51: ='CubeSat-i'!$J$55 | O51: ='CubeSat-i'!$K$55 | P51: ='CubeSat-i'!$L$55 | Q51: ='CubeSat-i'!$M$55 | R51: ='CubeSat-i'!$N$55 | S51: ='CubeSat-i'!$O$55 | T51: ='CubeSat-i'!$P$55 | U51: ='CubeSat-i'!$Q$55 | V51: ='CubeSat-i'!$R$55 | W51: ='CubeSat-i'!$S$55 | X51: ='CubeSat-i'!$T$55 | Y51: ='CubeSat-i'!$U$55 | Z51: ='CubeSat-i'!$V$55 | AA51: ='CubeSat-i'!$W$55 | AB51: ='CubeSat-i'!$X$55 | AC51: ='CubeSat-i'!$Y$55 | AD51: ='CubeSat-i'!$Z$55
A52: tab:case_i_ps_experiments | B52: i | C52: PS | D52: raw | E52: ='PS-i'!$A$6 | F52: ='PS-i'!$B$6 | G52: ='PS-i'!$C$6 | H52: ='PS-i'!$D$6 | I52: ='PS-i'!$E$6 | J52: ='PS-i'!$F$6 | K52: ='PS-i'!$G$6 | L52: ='PS-i'!$H$6 | M52: ='PS-i'!$I$6 | N52: ='PS-i'!$J$6 | O52: ='PS-i'!$K$6 | P52: ='PS-i'!$L$6 | Q52: ='PS-i'!$M$6 | R52: ='PS-i'!$N$6 | S52: ='PS-i'!$O$6 | T52: ='PS-i'!$P$6 | U52: ='PS-i'!$Q$6 | V52: ='PS-i'!$R$6 | W52: ='PS-i'!$S$6 | X52: ='PS-i'!$T$6 | Y52: ='PS-i'!$U$6 | Z52: ='PS-i'!$V$6 | AA52: ='PS-i'!$W$6 | AB52: ='PS-i'!$X$6 | AC52: ='PS-i'!$Y$6 | AD52: ='PS-i'!$Z$6
A53: tab:case_i_ps_experiments | B53: i | C53: PS | D53: raw | E53: ='PS-i'!$A$7 | F53: ='PS-i'!$B$7 | G53: ='PS-i'!$C$7 | H53: ='PS-i'!$D$7 | I53: ='PS-i'!$E$7 | J53: ='PS-i'!$F$7 | K53: ='PS-i'!$G$7 | L53: ='PS-i'!$H$7 | M53: ='PS-i'!$I$7 | N53: ='PS-i'!$J$7 | O53: ='PS-i'!$K$7 | P53: ='PS-i'!$L$7 | Q53: ='PS-i'!$M$7 | R53: ='PS-i'!$N$7 | S53: ='PS-i'!$O$7 | T53: ='PS-i'!$P$7 | U53: ='PS-i'!$Q$7 | V53: ='PS-i'!$R$7 | W53: ='PS-i'!$S$7 | X53: ='PS-i'!$T$7 | Y53: ='PS-i'!$U$7 | Z53: ='PS-i'!$V$7 | AA53: ='PS-i'!$W$7 | AB53: ='PS-i'!$X$7 | AC53: ='PS-i'!$Y$7 | AD53: ='PS-i'!$Z$7
A54: tab:case_i_ps_experiments | B54: i | C54: PS | D54: raw | E54: ='PS-i'!$A$8 | F54: ='PS-i'!$B$8 | G54: ='PS-i'!$C$8 | H54: ='PS-i'!$D$8 | I54: ='PS-i'!$E$8 | J54: ='PS-i'!$F$8 | K54: ='PS-i'!$G$8 | L54: ='PS-i'!$H$8 | M54: ='PS-i'!$I$8 | N54: ='PS-i'!$J$8 | O54: ='PS-i'!$K$8 | P54: ='PS-i'!$L$8 | Q54: ='PS-i'!$M$8 | R54: ='PS-i'!$N$8 | S54: ='PS-i'!$O$8 | T54: ='PS-i'!$P$8 | U54: ='PS-i'!$Q$8 | V54: ='PS-i'!$R$8 | W54: ='PS-i'!$S$8 | X54: ='PS-i'!$T$8 | Y54: ='PS-i'!$U$8 | Z54: ='PS-i'!$V$8 | AA54: ='PS-i'!$W$8 | AB54: ='PS-i'!$X$8 | AC54: ='PS-i'!$Y$8 | AD54: ='PS-i'!$Z$8
A55: tab:case_i_ps_experiments | B55: i | C55: PS | D55: raw | E55: ='PS-i'!$A$9 | F55: ='PS-i'!$B$9 | G55: ='PS-i'!$C$9 | H55: ='PS-i'!$D$9 | I55: ='PS-i'!$E$9 | J55: ='PS-i'!$F$9 | K55: ='PS-i'!$G$9 | L55: ='PS-i'!$H$9 | M55: ='PS-i'!$I$9 | N55: ='PS-i'!$J$9 | O55: ='PS-i'!$K$9 | P55: ='PS-i'!$L$9 | Q55: ='PS-i'!$M$9 | R55: ='PS-i'!$N$9 | S55: ='PS-i'!$O$9 | T55: ='PS-i'!$P$9 | U55: ='PS-i'!$Q$9 | V55: ='PS-i'!$R$9 | W55: ='PS-i'!$S$9 | X55: ='PS-i'!$T$9 | Y55: ='PS-i'!$U$9 | Z55: ='PS-i'!$V$9 | AA55: ='PS-i'!$W$9 | AB55: ='PS-i'!$X$9 | AC55: ='PS-i'!$Y$9 | AD55: ='PS-i'!$Z$9
A56: tab:case_i_ps_experiments | B56: i | C56: PS | D56: raw | E56: ='PS-i'!$A$10 | F56: ='PS-i'!$B$10 | G56: ='PS-i'!$C$10 | H56: ='PS-i'!$D$10 | I56: ='PS-i'!$E$10 | J56: ='PS-i'!$F$10 | K56: ='PS-i'!$G$10 | L56: ='PS-i'!$H$10 | M56: ='PS-i'!$I$10 | N56: ='PS-i'!$J$10 | O56: ='PS-i'!$K$10 | P56: ='PS-i'!$L$10 | Q56: ='PS-i'!$M$10 | R56: ='PS-i'!$N$10 | S56: ='PS-i'!$O$10 | T56: ='PS-i'!$P$10 | U56: ='PS-i'!$Q$10 | V56: ='PS-i'!$R$10 | W56: ='PS-i'!$S$10 | X56: ='PS-i'!$T$10 | Y56: ='PS-i'!$U$10 | Z56: ='PS-i'!$V$10 | AA56: ='PS-i'!$W$10 | AB56: ='PS-i'!$X$10 | AC56: ='PS-i'!$Y$10 | AD56: ='PS-i'!$Z$10
A57: tab:case_i_ps_experiments | B57: i | C57: PS | D57: raw | E57: ='PS-i'!$A$11 | F57: ='PS-i'!$B$11 | G57: ='PS-i'!$C$11 | H57: ='PS-i'!$D$11 | I57: ='PS-i'!$E$11 | J57: ='PS-i'!$F$11 | K57: ='PS-i'!$G$11 | L57: ='PS-i'!$H$11 | M57: ='PS-i'!$I$11 | N57: ='PS-i'!$J$11 | O57: ='PS-i'!$K$11 | P57: ='PS-i'!$L$11 | Q57: ='PS-i'!$M$11 | R57: ='PS-i'!$N$11 | S57: ='PS-i'!$O$11 | T57: ='PS-i'!$P$11 | U57: ='PS-i'!$Q$11 | V57: ='PS-i'!$R$11 | W57: ='PS-i'!$S$11 | X57: ='PS-i'!$T$11 | Y57: ='PS-i'!$U$11 | Z57: ='PS-i'!$V$11 | AA57: ='PS-i'!$W$11 | AB57: ='PS-i'!$X$11 | AC57: ='PS-i'!$Y$11 | AD57: ='PS-i'!$Z$11
A58: tab:case_i_ps_experiments | B58: i | C58: PS | D58: raw | E58: ='PS-i'!$A$12 | F58: ='PS-i'!$B$12 | G58: ='PS-i'!$C$12 | H58: ='PS-i'!$D$12 | I58: ='PS-i'!$E$12 | J58: ='PS-i'!$F$12 | K58: ='PS-i'!$G$12 | L58: ='PS-i'!$H$12 | M58: ='PS-i'!$I$12 | N58: ='PS-i'!$J$12 | O58: ='PS-i'!$K$12 | P58: ='PS-i'!$L$12 | Q58: ='PS-i'!$M$12 | R58: ='PS-i'!$N$12 | S58: ='PS-i'!$O$12 | T58: ='PS-i'!$P$12 | U58: ='PS-i'!$Q$12 | V58: ='PS-i'!$R$12 | W58: ='PS-i'!$S$12 | X58: ='PS-i'!$T$12 | Y58: ='PS-i'!$U$12 | Z58: ='PS-i'!$V$12 | AA58: ='PS-i'!$W$12 | AB58: ='PS-i'!$X$12 | AC58: ='PS-i'!$Y$12 | AD58: ='PS-i'!$Z$12
A59: tab:case_i_ps_experiments | B59: i | C59: PS | D59: raw | E59: ='PS-i'!$A$13 | F59: ='PS-i'!$B$13 | G59: ='PS-i'!$C$13 | H59: ='PS-i'!$D$13 | I59: ='PS-i'!$E$13 | J59: ='PS-i'!$F$13 | K59: ='PS-i'!$G$13 | L59: ='PS-i'!$H$13 | M59: ='PS-i'!$I$13 | N59: ='PS-i'!$J$13 | O59: ='PS-i'!$K$13 | P59: ='PS-i'!$L$13 | Q59: ='PS-i'!$M$13 | R59: ='PS-i'!$N$13 | S59: ='PS-i'!$O$13 | T59: ='PS-i'!$P$13 | U59: ='PS-i'!$Q$13 | V59: ='PS-i'!$R$13 | W59: ='PS-i'!$S$13 | X59: ='PS-i'!$T$13 | Y59: ='PS-i'!$U$13 | Z59: ='PS-i'!$V$13 | AA59: ='PS-i'!$W$13 | AB59: ='PS-i'!$X$13 | AC59: ='PS-i'!$Y$13 | AD59: ='PS-i'!$Z$13
A60: tab:case_i_ps_experiments | B60: i | C60: PS | D60: raw | E60: ='PS-i'!$A$14 | F60: ='PS-i'!$B$14 | G60: ='PS-i'!$C$14 | H60: ='PS-i'!$D$14 | I60: ='PS-i'!$E$14 | J60: ='PS-i'!$F$14 | K60: ='PS-i'!$G$14 | L60: ='PS-i'!$H$14 | M60: ='PS-i'!$I$14 | N60: ='PS-i'!$J$14 | O60: ='PS-i'!$K$14 | P60: ='PS-i'!$L$14 | Q60: ='PS-i'!$M$14 | R60: ='PS-i'!$N$14 | S60: ='PS-i'!$O$14 | T60: ='PS-i'!$P$14 | U60: ='PS-i'!$Q$14 | V60: ='PS-i'!$R$14 | W60: ='PS-i'!$S$14 | X60: ='PS-i'!$T$14 | Y60: ='PS-i'!$U$14 | Z60: ='PS-i'!$V$14 | AA60: ='PS-i'!$W$14 | AB60: ='PS-i'!$X$14 | AC60: ='PS-i'!$Y$14 | AD60: ='PS-i'!$Z$14
A61: tab:case_i_ps_experiments | B61: i | C61: PS | D61: raw | E61: ='PS-i'!$A$15 | F61: ='PS-i'!$B$15 | G61: ='PS-i'!$C$15 | H61: ='PS-i'!$D$15 | I61: ='PS-i'!$E$15 | J61: ='PS-i'!$F$15 | K61: ='PS-i'!$G$15 | L61: ='PS-i'!$H$15 | M61: ='PS-i'!$I$15 | N61: ='PS-i'!$J$15 | O61: ='PS-i'!$K$15 | P61: ='PS-i'!$L$15 | Q61: ='PS-i'!$M$15 | R61: ='PS-i'!$N$15 | S61: ='PS-i'!$O$15 | T61: ='PS-i'!$P$15 | U61: ='PS-i'!$Q$15 | V61: ='PS-i'!$R$15 | W61: ='PS-i'!$S$15 | X61: ='PS-i'!$T$15 | Y61: ='PS-i'!$U$15 | Z61: ='PS-i'!$V$15 | AA61: ='PS-i'!$W$15 | AB61: ='PS-i'!$X$15 | AC61: ='PS-i'!$Y$15 | AD61: ='PS-i'!$Z$15
A62: tab:case_i_ps_experiments | B62: i | C62: PS | D62: raw | E62: ='PS-i'!$A$16 | F62: ='PS-i'!$B$16 | G62: ='PS-i'!$C$16 | H62: ='PS-i'!$D$16 | I62: ='PS-i'!$E$16 | J62: ='PS-i'!$F$16 | K62: ='PS-i'!$G$16 | L62: ='PS-i'!$H$16 | M62: ='PS-i'!$I$16 | N62: ='PS-i'!$J$16 | O62: ='PS-i'!$K$16 | P62: ='PS-i'!$L$16 | Q62: ='PS-i'!$M$16 | R62: ='PS-i'!$N$16 | S62: ='PS-i'!$O$16 | T62: ='PS-i'!$P$16 | U62: ='PS-i'!$Q$16 | V62: ='PS-i'!$R$16 | W62: ='PS-i'!$S$16 | X62: ='PS-i'!$T$16 | Y62: ='PS-i'!$U$16 | Z62: ='PS-i'!$V$16 | AA62: ='PS-i'!$W$16 | AB62: ='PS-i'!$X$16 | AC62: ='PS-i'!$Y$16 | AD62: ='PS-i'!$Z$16
A63: tab:case_i_ps_experiments | B63: i | C63: PS | D63: raw | E63: ='PS-i'!$A$17 | F63: ='PS-i'!$B$17 | G63: ='PS-i'!$C$17 | H63: ='PS-i'!$D$17 | I63: ='PS-i'!$E$17 | J63: ='PS-i'!$F$17 | K63: ='PS-i'!$G$17 | L63: ='PS-i'!$H$17 | M63: ='PS-i'!$I$17 | N63: ='PS-i'!$J$17 | O63: ='PS-i'!$K$17 | P63: ='PS-i'!$L$17 | Q63: ='PS-i'!$M$17 | R63: ='PS-i'!$N$17 | S63: ='PS-i'!$O$17 | T63: ='PS-i'!$P$17 | U63: ='PS-i'!$Q$17 | V63: ='PS-i'!$R$17 | W63: ='PS-i'!$S$17 | X63: ='PS-i'!$T$17 | Y63: ='PS-i'!$U$17 | Z63: ='PS-i'!$V$17 | AA63: ='PS-i'!$W$17 | AB63: ='PS-i'!$X$17 | AC63: ='PS-i'!$Y$17 | AD63: ='PS-i'!$Z$17
A64: tab:case_i_ps_experiments | B64: i | C64: PS | D64: raw | E64: ='PS-i'!$A$18 | F64: ='PS-i'!$B$18 | G64: ='PS-i'!$C$18 | H64: ='PS-i'!$D$18 | I64: ='PS-i'!$E$18 | J64: ='PS-i'!$F$18 | K64: ='PS-i'!$G$18 | L64: ='PS-i'!$H$18 | M64: ='PS-i'!$I$18 | N64: ='PS-i'!$J$18 | O64: ='PS-i'!$K$18 | P64: ='PS-i'!$L$18 | Q64: ='PS-i'!$M$18 | R64: ='PS-i'!$N$18 | S64: ='PS-i'!$O$18 | T64: ='PS-i'!$P$18 | U64: ='PS-i'!$Q$18 | V64: ='PS-i'!$R$18 | W64: ='PS-i'!$S$18 | X64: ='PS-i'!$T$18 | Y64: ='PS-i'!$U$18 | Z64: ='PS-i'!$V$18 | AA64: ='PS-i'!$W$18 | AB64: ='PS-i'!$X$18 | AC64: ='PS-i'!$Y$18 | AD64: ='PS-i'!$Z$18
A65: tab:case_i_ps_experiments | B65: i | C65: PS | D65: raw | E65: ='PS-i'!$A$19 | F65: ='PS-i'!$B$19 | G65: ='PS-i'!$C$19 | H65: ='PS-i'!$D$19 | I65: ='PS-i'!$E$19 | J65: ='PS-i'!$F$19 | K65: ='PS-i'!$G$19 | L65: ='PS-i'!$H$19 | M65: ='PS-i'!$I$19 | N65: ='PS-i'!$J$19 | O65: ='PS-i'!$K$19 | P65: ='PS-i'!$L$19 | Q65: ='PS-i'!$M$19 | R65: ='PS-i'!$N$19 | S65: ='PS-i'!$O$19 | T65: ='PS-i'!$P$19 | U65: ='PS-i'!$Q$19 | V65: ='PS-i'!$R$19 | W65: ='PS-i'!$S$19 | X65: ='PS-i'!$T$19 | Y65: ='PS-i'!$U$19 | Z65: ='PS-i'!$V$19 | AA65: ='PS-i'!$W$19 | AB65: ='PS-i'!$X$19 | AC65: ='PS-i'!$Y$19 | AD65: ='PS-i'!$Z$19
A66: tab:case_i_ps_experiments | B66: i | C66: PS | D66: raw | E66: ='PS-i'!$A$20 | F66: ='PS-i'!$B$20 | G66: ='PS-i'!$C$20 | H66: ='PS-i'!$D$20 | I66: ='PS-i'!$E$20 | J66: ='PS-i'!$F$20 | K66: ='PS-i'!$G$20 | L66: ='PS-i'!$H$20 | M66: ='PS-i'!$I$20 | N66: ='PS-i'!$J$20 | O66: ='PS-i'!$K$20 | P66: ='PS-i'!$L$20 | Q66: ='PS-i'!$M$20 | R66: ='PS-i'!$N$20 | S66: ='PS-i'!$O$20 | T66: ='PS-i'!$P$20 | U66: ='PS-i'!$Q$20 | V66: ='PS-i'!$R$20 | W66: ='PS-i'!$S$20 | X66: ='PS-i'!$T$20 | Y66: ='PS-i'!$U$20 | Z66: ='PS-i'!$V$20 | AA66: ='PS-i'!$W$20 | AB66: ='PS-i'!$X$20 | AC66: ='PS-i'!$Y$20 | AD66: ='PS-i'!$Z$20
A67: tab:case_i_ps_experiments | B67: i | C67: PS | D67: raw | E67: ='PS-i'!$A$21 | F67: ='PS-i'!$B$21 | G67: ='PS-i'!$C$21 | H67: ='PS-i'!$D$21 | I67: ='PS-i'!$E$21 | J67: ='PS-i'!$F$21 | K67: ='PS-i'!$G$21 | L67: ='PS-i'!$H$21 | M67: ='PS-i'!$I$21 | N67: ='PS-i'!$J$21 | O67: ='PS-i'!$K$21 | P67: ='PS-i'!$L$21 | Q67: ='PS-i'!$M$21 | R67: ='PS-i'!$N$21 | S67: ='PS-i'!$O$21 | T67: ='PS-i'!$P$21 | U67: ='PS-i'!$Q$21 | V67: ='PS-i'!$R$21 | W67: ='PS-i'!$S$21 | X67: ='PS-i'!$T$21 | Y67: ='PS-i'!$U$21 | Z67: ='PS-i'!$V$21 | AA67: ='PS-i'!$W$21 | AB67: ='PS-i'!$X$21 | AC67: ='PS-i'!$Y$21 | AD67: ='PS-i'!$Z$21
A68: tab:case_i_ps_experiments | B68: i | C68: PS | D68: raw | E68: ='PS-i'!$A$22 | F68: ='PS-i'!$B$22 | G68: ='PS-i'!$C$22 | H68: ='PS-i'!$D$22 | I68: ='PS-i'!$E$22 | J68: ='PS-i'!$F$22 | K68: ='PS-i'!$G$22 | L68: ='PS-i'!$H$22 | M68: ='PS-i'!$I$22 | N68: ='PS-i'!$J$22 | O68: ='PS-i'!$K$22 | P68: ='PS-i'!$L$22 | Q68: ='PS-i'!$M$22 | R68: ='PS-i'!$N$22 | S68: ='PS-i'!$O$22 | T68: ='PS-i'!$P$22 | U68: ='PS-i'!$Q$22 | V68: ='PS-i'!$R$22 | W68: ='PS-i'!$S$22 | X68: ='PS-i'!$T$22 | Y68: ='PS-i'!$U$22 | Z68: ='PS-i'!$V$22 | AA68: ='PS-i'!$W$22 | AB68: ='PS-i'!$X$22 | AC68: ='PS-i'!$Y$22 | AD68: ='PS-i'!$Z$22
A69: tab:case_i_ps_experiments | B69: i | C69: PS | D69: raw | E69: ='PS-i'!$A$23 | F69: ='PS-i'!$B$23 | G69: ='PS-i'!$C$23 | H69: ='PS-i'!$D$23 | I69: ='PS-i'!$E$23 | J69: ='PS-i'!$F$23 | K69: ='PS-i'!$G$23 | L69: ='PS-i'!$H$23 | M69: ='PS-i'!$I$23 | N69: ='PS-i'!$J$23 | O69: ='PS-i'!$K$23 | P69: ='PS-i'!$L$23 | Q69: ='PS-i'!$M$23 | R69: ='PS-i'!$N$23 | S69: ='PS-i'!$O$23 | T69: ='PS-i'!$P$23 | U69: ='PS-i'!$Q$23 | V69: ='PS-i'!$R$23 | W69: ='PS-i'!$S$23 | X69: ='PS-i'!$T$23 | Y69: ='PS-i'!$U$23 | Z69: ='PS-i'!$V$23 | AA69: ='PS-i'!$W$23 | AB69: ='PS-i'!$X$23 | AC69: ='PS-i'!$Y$23 | AD69: ='PS-i'!$Z$23
A70: tab:case_i_ps_experiments | B70: i | C70: PS | D70: raw | E70: ='PS-i'!$A$24 | F70: ='PS-i'!$B$24 | G70: ='PS-i'!$C$24 | H70: ='PS-i'!$D$24 | I70: ='PS-i'!$E$24 | J70: ='PS-i'!$F$24 | K70: ='PS-i'!$G$24 | L70: ='PS-i'!$H$24 | M70: ='PS-i'!$I$24 | N70: ='PS-i'!$J$24 | O70: ='PS-i'!$K$24 | P70: ='PS-i'!$L$24 | Q70: ='PS-i'!$M$24 | R70: ='PS-i'!$N$24 | S70: ='PS-i'!$O$24 | T70: ='PS-i'!$P$24 | U70: ='PS-i'!$Q$24 | V70: ='PS-i'!$R$24 | W70: ='PS-i'!$S$24 | X70: ='PS-i'!$T$24 | Y70: ='PS-i'!$U$24 | Z70: ='PS-i'!$V$24 | AA70: ='PS-i'!$W$24 | AB70: ='PS-i'!$X$24 | AC70: ='PS-i'!$Y$24 | AD70: ='PS-i'!$Z$24
A71: tab:case_i_ps_experiments | B71: i | C71: PS | D71: raw | E71: ='PS-i'!$A$25 | F71: ='PS-i'!$B$25 | G71: ='PS-i'!$C$25 | H71: ='PS-i'!$D$25 | I71: ='PS-i'!$E$25 | J71: ='PS-i'!$F$25 | K71: ='PS-i'!$G$25 | L71: ='PS-i'!$H$25 | M71: ='PS-i'!$I$25 | N71: ='PS-i'!$J$25 | O71: ='PS-i'!$K$25 | P71: ='PS-i'!$L$25 | Q71: ='PS-i'!$M$25 | R71: ='PS-i'!$N$25 | S71: ='PS-i'!$O$25 | T71: ='PS-i'!$P$25 | U71: ='PS-i'!$Q$25 | V71: ='PS-i'!$R$25 | W71: ='PS-i'!$S$25 | X71: ='PS-i'!$T$25 | Y71: ='PS-i'!$U$25 | Z71: ='PS-i'!$V$25 | AA71: ='PS-i'!$W$25 | AB71: ='PS-i'!$X$25 | AC71: ='PS-i'!$Y$25 | AD71: ='PS-i'!$Z$25
A72: tab:case_i_ps_experiments | B72: i | C72: PS | D72: raw | E72: ='PS-i'!$A$26 | F72: ='PS-i'!$B$26 | G72: ='PS-i'!$C$26 | H72: ='PS-i'!$D$26 | I72: ='PS-i'!$E$26 | J72: ='PS-i'!$F$26 | K72: ='PS-i'!$G$26 | L72: ='PS-i'!$H$26 | M72: ='PS-i'!$I$26 | N72: ='PS-i'!$J$26 | O72: ='PS-i'!$K$26 | P72: ='PS-i'!$L$26 | Q72: ='PS-i'!$M$26 | R72: ='PS-i'!$N$26 | S72: ='PS-i'!$O$26 | T72: ='PS-i'!$P$26 | U72: ='PS-i'!$Q$26 | V72: ='PS-i'!$R$26 | W72: ='PS-i'!$S$26 | X72: ='PS-i'!$T$26 | Y72: ='PS-i'!$U$26 | Z72: ='PS-i'!$V$26 | AA72: ='PS-i'!$W$26 | AB72: ='PS-i'!$X$26 | AC72: ='PS-i'!$Y$26 | AD72: ='PS-i'!$Z$26
A73: tab:case_i_ps_experiments | B73: i | C73: PS | D73: raw | E73: ='PS-i'!$A$27 | F73: ='PS-i'!$B$27 | G73: ='PS-i'!$C$27 | H73: ='PS-i'!$D$27 | I73: ='PS-i'!$E$27 | J73: ='PS-i'!$F$27 | K73: ='PS-i'!$G$27 | L73: ='PS-i'!$H$27 | M73: ='PS-i'!$I$27 | N73: ='PS-i'!$J$27 | O73: ='PS-i'!$K$27 | P73: ='PS-i'!$L$27 | Q73: ='PS-i'!$M$27 | R73: ='PS-i'!$N$27 | S73: ='PS-i'!$O$27 | T73: ='PS-i'!$P$27 | U73: ='PS-i'!$Q$27 | V73: ='PS-i'!$R$27 | W73: ='PS-i'!$S$27 | X73: ='PS-i'!$T$27 | Y73: ='PS-i'!$U$27 | Z73: ='PS-i'!$V$27 | AA73: ='PS-i'!$W$27 | AB73: ='PS-i'!$X$27 | AC73: ='PS-i'!$Y$27 | AD73: ='PS-i'!$Z$27
A74: tab:case_i_ps_experiments | B74: i | C74: PS | D74: raw | E74: ='PS-i'!$A$28 | F74: ='PS-i'!$B$28 | G74: ='PS-i'!$C$28 | H74: ='PS-i'!$D$28 | I74: ='PS-i'!$E$28 | J74: ='PS-i'!$F$28 | K74: ='PS-i'!$G$28 | L74: ='PS-i'!$H$28 | M74: ='PS-i'!$I$28 | N74: ='PS-i'!$J$28 | O74: ='PS-i'!$K$28 | P74: ='PS-i'!$L$28 | Q74: ='PS-i'!$M$28 | R74: ='PS-i'!$N$28 | S74: ='PS-i'!$O$28 | T74: ='PS-i'!$P$28 | U74: ='PS-i'!$Q$28 | V74: ='PS-i'!$R$28 | W74: ='PS-i'!$S$28 | X74: ='PS-i'!$T$28 | Y74: ='PS-i'!$U$28 | Z74: ='PS-i'!$V$28 | AA74: ='PS-i'!$W$28 | AB74: ='PS-i'!$X$28 | AC74: ='PS-i'!$Y$28 | AD74: ='PS-i'!$Z$28
A75: tab:case_i_ps_experiments | B75: i | C75: PS | D75: raw | E75: ='PS-i'!$A$29 | F75: ='PS-i'!$B$29 | G75: ='PS-i'!$C$29 | H75: ='PS-i'!$D$29 | I75: ='PS-i'!$E$29 | J75: ='PS-i'!$F$29 | K75: ='PS-i'!$G$29 | L75: ='PS-i'!$H$29 | M75: ='PS-i'!$I$29 | N75: ='PS-i'!$J$29 | O75: ='PS-i'!$K$29 | P75: ='PS-i'!$L$29 | Q75: ='PS-i'!$M$29 | R75: ='PS-i'!$N$29 | S75: ='PS-i'!$O$29 | T75: ='PS-i'!$P$29 | U75: ='PS-i'!$Q$29 | V75: ='PS-i'!$R$29 | W75: ='PS-i'!$S$29 | X75: ='PS-i'!$T$29 | Y75: ='PS-i'!$U$29 | Z75: ='PS-i'!$V$29 | AA75: ='PS-i'!$W$29 | AB75: ='PS-i'!$X$29 | AC75: ='PS-i'!$Y$29 | AD75: ='PS-i'!$Z$29
A76: tab:case_i_ps_experiments | B76: i | C76: PS | D76: raw | E76: ='PS-i'!$A$30 | F76: ='PS-i'!$B$30 | G76: ='PS-i'!$C$30 | H76: ='PS-i'!$D$30 | I76: ='PS-i'!$E$30 | J76: ='PS-i'!$F$30 | K76: ='PS-i'!$G$30 | L76: ='PS-i'!$H$30 | M76: ='PS-i'!$I$30 | N76: ='PS-i'!$J$30 | O76: ='PS-i'!$K$30 | P76: ='PS-i'!$L$30 | Q76: ='PS-i'!$M$30 | R76: ='PS-i'!$N$30 | S76: ='PS-i'!$O$30 | T76: ='PS-i'!$P$30 | U76: ='PS-i'!$Q$30 | V76: ='PS-i'!$R$30 | W76: ='PS-i'!$S$30 | X76: ='PS-i'!$T$30 | Y76: ='PS-i'!$U$30 | Z76: ='PS-i'!$V$30 | AA76: ='PS-i'!$W$30 | AB76: ='PS-i'!$X$30 | AC76: ='PS-i'!$Y$30 | AD76: ='PS-i'!$Z$30
A77: tab:case_i_ps_experiments | B77: i | C77: PS | D77: raw | E77: ='PS-i'!$A$31 | F77: ='PS-i'!$B$31 | G77: ='PS-i'!$C$31 | H77: ='PS-i'!$D$31 | I77: ='PS-i'!$E$31 | J77: ='PS-i'!$F$31 | K77: ='PS-i'!$G$31 | L77: ='PS-i'!$H$31 | M77: ='PS-i'!$I$31 | N77: ='PS-i'!$J$31 | O77: ='PS-i'!$K$31 | P77: ='PS-i'!$L$31 | Q77: ='PS-i'!$M$31 | R77: ='PS-i'!$N$31 | S77: ='PS-i'!$O$31 | T77: ='PS-i'!$P$31 | U77: ='PS-i'!$Q$31 | V77: ='PS-i'!$R$31 | W77: ='PS-i'!$S$31 | X77: ='PS-i'!$T$31 | Y77: ='PS-i'!$U$31 | Z77: ='PS-i'!$V$31 | AA77: ='PS-i'!$W$31 | AB77: ='PS-i'!$X$31 | AC77: ='PS-i'!$Y$31 | AD77: ='PS-i'!$Z$31
A78: tab:case_i_ps_experiments | B78: i | C78: PS | D78: raw | E78: ='PS-i'!$A$32 | F78: ='PS-i'!$B$32 | G78: ='PS-i'!$C$32 | H78: ='PS-i'!$D$32 | I78: ='PS-i'!$E$32 | J78: ='PS-i'!$F$32 | K78: ='PS-i'!$G$32 | L78: ='PS-i'!$H$32 | M78: ='PS-i'!$I$32 | N78: ='PS-i'!$J$32 | O78: ='PS-i'!$K$32 | P78: ='PS-i'!$L$32 | Q78: ='PS-i'!$M$32 | R78: ='PS-i'!$N$32 | S78: ='PS-i'!$O$32 | T78: ='PS-i'!$P$32 | U78: ='PS-i'!$Q$32 | V78: ='PS-i'!$R$32 | W78: ='PS-i'!$S$32 | X78: ='PS-i'!$T$32 | Y78: ='PS-i'!$U$32 | Z78: ='PS-i'!$V$32 | AA78: ='PS-i'!$W$32 | AB78: ='PS-i'!$X$32 | AC78: ='PS-i'!$Y$32 | AD78: ='PS-i'!$Z$32
A79: tab:case_i_ps_experiments | B79: i | C79: PS | D79: raw | E79: ='PS-i'!$A$33 | F79: ='PS-i'!$B$33 | G79: ='PS-i'!$C$33 | H79: ='PS-i'!$D$33 | I79: ='PS-i'!$E$33 | J79: ='PS-i'!$F$33 | K79: ='PS-i'!$G$33 | L79: ='PS-i'!$H$33 | M79: ='PS-i'!$I$33 | N79: ='PS-i'!$J$33 | O79: ='PS-i'!$K$33 | P79: ='PS-i'!$L$33 | Q79: ='PS-i'!$M$33 | R79: ='PS-i'!$N$33 | S79: ='PS-i'!$O$33 | T79: ='PS-i'!$P$33 | U79: ='PS-i'!$Q$33 | V79: ='PS-i'!$R$33 | W79: ='PS-i'!$S$33 | X79: ='PS-i'!$T$33 | Y79: ='PS-i'!$U$33 | Z79: ='PS-i'!$V$33 | AA79: ='PS-i'!$W$33 | AB79: ='PS-i'!$X$33 | AC79: ='PS-i'!$Y$33 | AD79: ='PS-i'!$Z$33
A80: tab:case_i_ps_experiments | B80: i | C80: PS | D80: raw | E80: ='PS-i'!$A$34 | F80: ='PS-i'!$B$34 | G80: ='PS-i'!$C$34 | H80: ='PS-i'!$D$34 | I80: ='PS-i'!$E$34 | J80: ='PS-i'!$F$34 | K80: ='PS-i'!$G$34 | L80: ='PS-i'!$H$34 | M80: ='PS-i'!$I$34 | N80: ='PS-i'!$J$34 | O80: ='PS-i'!$K$34 | P80: ='PS-i'!$L$34 | Q80: ='PS-i'!$M$34 | R80: ='PS-i'!$N$34 | S80: ='PS-i'!$O$34 | T80: ='PS-i'!$P$34 | U80: ='PS-i'!$Q$34 | V80: ='PS-i'!$R$34 | W80: ='PS-i'!$S$34 | X80: ='PS-i'!$T$34 | Y80: ='PS-i'!$U$34 | Z80: ='PS-i'!$V$34 | AA80: ='PS-i'!$W$34 | AB80: ='PS-i'!$X$34 | AC80: ='PS-i'!$Y$34 | AD80: ='PS-i'!$Z$34
A81: tab:case_i_ps_experiments | B81: i | C81: PS | D81: raw | E81: ='PS-i'!$A$35 | F81: ='PS-i'!$B$35 | G81: ='PS-i'!$C$35 | H81: ='PS-i'!$D$35 | I81: ='PS-i'!$E$35 | J81: ='PS-i'!$F$35 | K81: ='PS-i'!$G$35 | L81: ='PS-i'!$H$35 | M81: ='PS-i'!$I$35 | N81: ='PS-i'!$J$35 | O81: ='PS-i'!$K$35 | P81: ='PS-i'!$L$35 | Q81: ='PS-i'!$M$35 | R81: ='PS-i'!$N$35 | S81: ='PS-i'!$O$35 | T81: ='PS-i'!$P$35 | U81: ='PS-i'!$Q$35 | V81: ='PS-i'!$R$35 | W81: ='PS-i'!$S$35 | X81: ='PS-i'!$T$35 | Y81: ='PS-i'!$U$35 | Z81: ='PS-i'!$V$35 | AA81: ='PS-i'!$W$35 | AB81: ='PS-i'!$X$35 | AC81: ='PS-i'!$Y$35 | AD81: ='PS-i'!$Z$35
A82: tab:case_i_ps_experiments | B82: i | C82: PS | D82: raw | E82: ='PS-i'!$A$36 | F82: ='PS-i'!$B$36 | G82: ='PS-i'!$C$36 | H82: ='PS-i'!$D$36 | I82: ='PS-i'!$E$36 | J82: ='PS-i'!$F$36 | K82: ='PS-i'!$G$36 | L82: ='PS-i'!$H$36 | M82: ='PS-i'!$I$36 | N82: ='PS-i'!$J$36 | O82: ='PS-i'!$K$36 | P82: ='PS-i'!$L$36 | Q82: ='PS-i'!$M$36 | R82: ='PS-i'!$N$36 | S82: ='PS-i'!$O$36 | T82: ='PS-i'!$P$36 | U82: ='PS-i'!$Q$36 | V82: ='PS-i'!$R$36 | W82: ='PS-i'!$S$36 | X82: ='PS-i'!$T$36 | Y82: ='PS-i'!$U$36 | Z82: ='PS-i'!$V$36 | AA82: ='PS-i'!$W$36 | AB82: ='PS-i'!$X$36 | AC82: ='PS-i'!$Y$36 | AD82: ='PS-i'!$Z$36
A83: tab:case_i_ps_experiments | B83: i | C83: PS | D83: raw | E83: ='PS-i'!$A$37 | F83: ='PS-i'!$B$37 | G83: ='PS-i'!$C$37 | H83: ='PS-i'!$D$37 | I83: ='PS-i'!$E$37 | J83: ='PS-i'!$F$37 | K83: ='PS-i'!$G$37 | L83: ='PS-i'!$H$37 | M83: ='PS-i'!$I$37 | N83: ='PS-i'!$J$37 | O83: ='PS-i'!$K$37 | P83: ='PS-i'!$L$37 | Q83: ='PS-i'!$M$37 | R83: ='PS-i'!$N$37 | S83: ='PS-i'!$O$37 | T83: ='PS-i'!$P$37 | U83: ='PS-i'!$Q$37 | V83: ='PS-i'!$R$37 | W83: ='PS-i'!$S$37 | X83: ='PS-i'!$T$37 | Y83: ='PS-i'!$U$37 | Z83: ='PS-i'!$V$37 | AA83: ='PS-i'!$W$37 | AB83: ='PS-i'!$X$37 | AC83: ='PS-i'!$Y$37 | AD83: ='PS-i'!$Z$37
A84: tab:case_i_ps_experiments | B84: i | C84: PS | D84: raw | E84: ='PS-i'!$A$38 | F84: ='PS-i'!$B$38 | G84: ='PS-i'!$C$38 | H84: ='PS-i'!$D$38 | I84: ='PS-i'!$E$38 | J84: ='PS-i'!$F$38 | K84: ='PS-i'!$G$38 | L84: ='PS-i'!$H$38 | M84: ='PS-i'!$I$38 | N84: ='PS-i'!$J$38 | O84: ='PS-i'!$K$38 | P84: ='PS-i'!$L$38 | Q84: ='PS-i'!$M$38 | R84: ='PS-i'!$N$38 | S84: ='PS-i'!$O$38 | T84: ='PS-i'!$P$38 | U84: ='PS-i'!$Q$38 | V84: ='PS-i'!$R$38 | W84: ='PS-i'!$S$38 | X84: ='PS-i'!$T$38 | Y84: ='PS-i'!$U$38 | Z84: ='PS-i'!$V$38 | AA84: ='PS-i'!$W$38 | AB84: ='PS-i'!$X$38 | AC84: ='PS-i'!$Y$38 | AD84: ='PS-i'!$Z$38
A85: tab:case_i_ps_experiments | B85: i | C85: PS | D85: raw | E85: ='PS-i'!$A$39 | F85: ='PS-i'!$B$39 | G85: ='PS-i'!$C$39 | H85: ='PS-i'!$D$39 | I85: ='PS-i'!$E$39 | J85: ='PS-i'!$F$39 | K85: ='PS-i'!$G$39 | L85: ='PS-i'!$H$39 | M85: ='PS-i'!$I$39 | N85: ='PS-i'!$J$39 | O85: ='PS-i'!$K$39 | P85: ='PS-i'!$L$39 | Q85: ='PS-i'!$M$39 | R85: ='PS-i'!$N$39 | S85: ='PS-i'!$O$39 | T85: ='PS-i'!$P$39 | U85: ='PS-i'!$Q$39 | V85: ='PS-i'!$R$39 | W85: ='PS-i'!$S$39 | X85: ='PS-i'!$T$39 | Y85: ='PS-i'!$U$39 | Z85: ='PS-i'!$V$39 | AA85: ='PS-i'!$W$39 | AB85: ='PS-i'!$X$39 | AC85: ='PS-i'!$Y$39 | AD85: ='PS-i'!$Z$39
A86: tab:case_i_ps_experiments | B86: i | C86: PS | D86: raw | E86: ='PS-i'!$A$40 | F86: ='PS-i'!$B$40 | G86: ='PS-i'!$C$40 | H86: ='PS-i'!$D$40 | I86: ='PS-i'!$E$40 | J86: ='PS-i'!$F$40 | K86: ='PS-i'!$G$40 | L86: ='PS-i'!$H$40 | M86: ='PS-i'!$I$40 | N86: ='PS-i'!$J$40 | O86: ='PS-i'!$K$40 | P86: ='PS-i'!$L$40 | Q86: ='PS-i'!$M$40 | R86: ='PS-i'!$N$40 | S86: ='PS-i'!$O$40 | T86: ='PS-i'!$P$40 | U86: ='PS-i'!$Q$40 | V86: ='PS-i'!$R$40 | W86: ='PS-i'!$S$40 | X86: ='PS-i'!$T$40 | Y86: ='PS-i'!$U$40 | Z86: ='PS-i'!$V$40 | AA86: ='PS-i'!$W$40 | AB86: ='PS-i'!$X$40 | AC86: ='PS-i'!$Y$40 | AD86: ='PS-i'!$Z$40
A87: tab:case_i_ps_experiments | B87: i | C87: PS | D87: raw | E87: ='PS-i'!$A$41 | F87: ='PS-i'!$B$41 | G87: ='PS-i'!$C$41 | H87: ='PS-i'!$D$41 | I87: ='PS-i'!$E$41 | J87: ='PS-i'!$F$41 | K87: ='PS-i'!$G$41 | L87: ='PS-i'!$H$41 | M87: ='PS-i'!$I$41 | N87: ='PS-i'!$J$41 | O87: ='PS-i'!$K$41 | P87: ='PS-i'!$L$41 | Q87: ='PS-i'!$M$41 | R87: ='PS-i'!$N$41 | S87: ='PS-i'!$O$41 | T87: ='PS-i'!$P$41 | U87: ='PS-i'!$Q$41 | V87: ='PS-i'!$R$41 | W87: ='PS-i'!$S$41 | X87: ='PS-i'!$T$41 | Y87: ='PS-i'!$U$41 | Z87: ='PS-i'!$V$41 | AA87: ='PS-i'!$W$41 | AB87: ='PS-i'!$X$41 | AC87: ='PS-i'!$Y$41 | AD87: ='PS-i'!$Z$41
A88: tab:case_i_ps_experiments | B88: i | C88: PS | D88: raw | E88: ='PS-i'!$A$42 | F88: ='PS-i'!$B$42 | G88: ='PS-i'!$C$42 | H88: ='PS-i'!$D$42 | I88: ='PS-i'!$E$42 | J88: ='PS-i'!$F$42 | K88: ='PS-i'!$G$42 | L88: ='PS-i'!$H$42 | M88: ='PS-i'!$I$42 | N88: ='PS-i'!$J$42 | O88: ='PS-i'!$K$42 | P88: ='PS-i'!$L$42 | Q88: ='PS-i'!$M$42 | R88: ='PS-i'!$N$42 | S88: ='PS-i'!$O$42 | T88: ='PS-i'!$P$42 | U88: ='PS-i'!$Q$42 | V88: ='PS-i'!$R$42 | W88: ='PS-i'!$S$42 | X88: ='PS-i'!$T$42 | Y88: ='PS-i'!$U$42 | Z88: ='PS-i'!$V$42 | AA88: ='PS-i'!$W$42 | AB88: ='PS-i'!$X$42 | AC88: ='PS-i'!$Y$42 | AD88: ='PS-i'!$Z$42
A89: tab:case_i_ps_experiments | B89: i | C89: PS | D89: raw | E89: ='PS-i'!$A$43 | F89: ='PS-i'!$B$43 | G89: ='PS-i'!$C$43 | H89: ='PS-i'!$D$43 | I89: ='PS-i'!$E$43 | J89: ='PS-i'!$F$43 | K89: ='PS-i'!$G$43 | L89: ='PS-i'!$H$43 | M89: ='PS-i'!$I$43 | N89: ='PS-i'!$J$43 | O89: ='PS-i'!$K$43 | P89: ='PS-i'!$L$43 | Q89: ='PS-i'!$M$43 | R89: ='PS-i'!$N$43 | S89: ='PS-i'!$O$43 | T89: ='PS-i'!$P$43 | U89: ='PS-i'!$Q$43 | V89: ='PS-i'!$R$43 | W89: ='PS-i'!$S$43 | X89: ='PS-i'!$T$43 | Y89: ='PS-i'!$U$43 | Z89: ='PS-i'!$V$43 | AA89: ='PS-i'!$W$43 | AB89: ='PS-i'!$X$43 | AC89: ='PS-i'!$Y$43 | AD89: ='PS-i'!$Z$43
A90: tab:case_i_ps_experiments | B90: i | C90: PS | D90: raw | E90: ='PS-i'!$A$44 | F90: ='PS-i'!$B$44 | G90: ='PS-i'!$C$44 | H90: ='PS-i'!$D$44 | I90: ='PS-i'!$E$44 | J90: ='PS-i'!$F$44 | K90: ='PS-i'!$G$44 | L90: ='PS-i'!$H$44 | M90: ='PS-i'!$I$44 | N90: ='PS-i'!$J$44 | O90: ='PS-i'!$K$44 | P90: ='PS-i'!$L$44 | Q90: ='PS-i'!$M$44 | R90: ='PS-i'!$N$44 | S90: ='PS-i'!$O$44 | T90: ='PS-i'!$P$44 | U90: ='PS-i'!$Q$44 | V90: ='PS-i'!$R$44 | W90: ='PS-i'!$S$44 | X90: ='PS-i'!$T$44 | Y90: ='PS-i'!$U$44 | Z90: ='PS-i'!$V$44 | AA90: ='PS-i'!$W$44 | AB90: ='PS-i'!$X$44 | AC90: ='PS-i'!$Y$44 | AD90: ='PS-i'!$Z$44
A91: tab:case_i_ps_experiments | B91: i | C91: PS | D91: raw | E91: ='PS-i'!$A$45 | F91: ='PS-i'!$B$45 | G91: ='PS-i'!$C$45 | H91: ='PS-i'!$D$45 | I91: ='PS-i'!$E$45 | J91: ='PS-i'!$F$45 | K91: ='PS-i'!$G$45 | L91: ='PS-i'!$H$45 | M91: ='PS-i'!$I$45 | N91: ='PS-i'!$J$45 | O91: ='PS-i'!$K$45 | P91: ='PS-i'!$L$45 | Q91: ='PS-i'!$M$45 | R91: ='PS-i'!$N$45 | S91: ='PS-i'!$O$45 | T91: ='PS-i'!$P$45 | U91: ='PS-i'!$Q$45 | V91: ='PS-i'!$R$45 | W91: ='PS-i'!$S$45 | X91: ='PS-i'!$T$45 | Y91: ='PS-i'!$U$45 | Z91: ='PS-i'!$V$45 | AA91: ='PS-i'!$W$45 | AB91: ='PS-i'!$X$45 | AC91: ='PS-i'!$Y$45 | AD91: ='PS-i'!$Z$45
A92: tab:case_i_ps_experiments | B92: i | C92: PS | D92: raw | E92: ='PS-i'!$A$46 | F92: ='PS-i'!$B$46 | G92: ='PS-i'!$C$46 | H92: ='PS-i'!$D$46 | I92: ='PS-i'!$E$46 | J92: ='PS-i'!$F$46 | K92: ='PS-i'!$G$46 | L92: ='PS-i'!$H$46 | M92: ='PS-i'!$I$46 | N92: ='PS-i'!$J$46 | O92: ='PS-i'!$K$46 | P92: ='PS-i'!$L$46 | Q92: ='PS-i'!$M$46 | R92: ='PS-i'!$N$46 | S92: ='PS-i'!$O$46 | T92: ='PS-i'!$P$46 | U92: ='PS-i'!$Q$46 | V92: ='PS-i'!$R$46 | W92: ='PS-i'!$S$46 | X92: ='PS-i'!$T$46 | Y92: ='PS-i'!$U$46 | Z92: ='PS-i'!$V$46 | AA92: ='PS-i'!$W$46 | AB92: ='PS-i'!$X$46 | AC92: ='PS-i'!$Y$46 | AD92: ='PS-i'!$Z$46
A93: tab:case_i_ps_experiments | B93: i | C93: PS | D93: raw | E93: ='PS-i'!$A$47 | F93: ='PS-i'!$B$47 | G93: ='PS-i'!$C$47 | H93: ='PS-i'!$D$47 | I93: ='PS-i'!$E$47 | J93: ='PS-i'!$F$47 | K93: ='PS-i'!$G$47 | L93: ='PS-i'!$H$47 | M93: ='PS-i'!$I$47 | N93: ='PS-i'!$J$47 | O93: ='PS-i'!$K$47 | P93: ='PS-i'!$L$47 | Q93: ='PS-i'!$M$47 | R93: ='PS-i'!$N$47 | S93: ='PS-i'!$O$47 | T93: ='PS-i'!$P$47 | U93: ='PS-i'!$Q$47 | V93: ='PS-i'!$R$47 | W93: ='PS-i'!$S$47 | X93: ='PS-i'!$T$47 | Y93: ='PS-i'!$U$47 | Z93: ='PS-i'!$V$47 | AA93: ='PS-i'!$W$47 | AB93: ='PS-i'!$X$47 | AC93: ='PS-i'!$Y$47 | AD93: ='PS-i'!$Z$47
A94: tab:case_i_ps_experiments | B94: i | C94: PS | D94: raw | E94: ='PS-i'!$A$48 | F94: ='PS-i'!$B$48 | G94: ='PS-i'!$C$48 | H94: ='PS-i'!$D$48 | I94: ='PS-i'!$E$48 | J94: ='PS-i'!$F$48 | K94: ='PS-i'!$G$48 | L94: ='PS-i'!$H$48 | M94: ='PS-i'!$I$48 | N94: ='PS-i'!$J$48 | O94: ='PS-i'!$K$48 | P94: ='PS-i'!$L$48 | Q94: ='PS-i'!$M$48 | R94: ='PS-i'!$N$48 | S94: ='PS-i'!$O$48 | T94: ='PS-i'!$P$48 | U94: ='PS-i'!$Q$48 | V94: ='PS-i'!$R$48 | W94: ='PS-i'!$S$48 | X94: ='PS-i'!$T$48 | Y94: ='PS-i'!$U$48 | Z94: ='PS-i'!$V$48 | AA94: ='PS-i'!$W$48 | AB94: ='PS-i'!$X$48 | AC94: ='PS-i'!$Y$48 | AD94: ='PS-i'!$Z$48
A95: tab:case_i_ps_experiments | B95: i | C95: PS | D95: raw | E95: ='PS-i'!$A$49 | F95: ='PS-i'!$B$49 | G95: ='PS-i'!$C$49 | H95: ='PS-i'!$D$49 | I95: ='PS-i'!$E$49 | J95: ='PS-i'!$F$49 | K95: ='PS-i'!$G$49 | L95: ='PS-i'!$H$49 | M95: ='PS-i'!$I$49 | N95: ='PS-i'!$J$49 | O95: ='PS-i'!$K$49 | P95: ='PS-i'!$L$49 | Q95: ='PS-i'!$M$49 | R95: ='PS-i'!$N$49 | S95: ='PS-i'!$O$49 | T95: ='PS-i'!$P$49 | U95: ='PS-i'!$Q$49 | V95: ='PS-i'!$R$49 | W95: ='PS-i'!$S$49 | X95: ='PS-i'!$T$49 | Y95: ='PS-i'!$U$49 | Z95: ='PS-i'!$V$49 | AA95: ='PS-i'!$W$49 | AB95: ='PS-i'!$X$49 | AC95: ='PS-i'!$Y$49 | AD95: ='PS-i'!$Z$49
A96: tab:case_i_ps_experiments | B96: i | C96: PS | D96: raw | E96: ='PS-i'!$A$50 | F96: ='PS-i'!$B$50 | G96: ='PS-i'!$C$50 | H96: ='PS-i'!$D$50 | I96: ='PS-i'!$E$50 | J96: ='PS-i'!$F$50 | K96: ='PS-i'!$G$50 | L96: ='PS-i'!$H$50 | M96: ='PS-i'!$I$50 | N96: ='PS-i'!$J$50 | O96: ='PS-i'!$K$50 | P96: ='PS-i'!$L$50 | Q96: ='PS-i'!$M$50 | R96: ='PS-i'!$N$50 | S96: ='PS-i'!$O$50 | T96: ='PS-i'!$P$50 | U96: ='PS-i'!$Q$50 | V96: ='PS-i'!$R$50 | W96: ='PS-i'!$S$50 | X96: ='PS-i'!$T$50 | Y96: ='PS-i'!$U$50 | Z96: ='PS-i'!$V$50 | AA96: ='PS-i'!$W$50 | AB96: ='PS-i'!$X$50 | AC96: ='PS-i'!$Y$50 | AD96: ='PS-i'!$Z$50
A97: tab:case_i_ps_experiments | B97: i | C97: PS | D97: raw | E97: ='PS-i'!$A$51 | F97: ='PS-i'!$B$51 | G97: ='PS-i'!$C$51 | H97: ='PS-i'!$D$51 | I97: ='PS-i'!$E$51 | J97: ='PS-i'!$F$51 | K97: ='PS-i'!$G$51 | L97: ='PS-i'!$H$51 | M97: ='PS-i'!$I$51 | N97: ='PS-i'!$J$51 | O97: ='PS-i'!$K$51 | P97: ='PS-i'!$L$51 | Q97: ='PS-i'!$M$51 | R97: ='PS-i'!$N$51 | S97: ='PS-i'!$O$51 | T97: ='PS-i'!$P$51 | U97: ='PS-i'!$Q$51 | V97: ='PS-i'!$R$51 | W97: ='PS-i'!$S$51 | X97: ='PS-i'!$T$51 | Y97: ='PS-i'!$U$51 | Z97: ='PS-i'!$V$51 | AA97: ='PS-i'!$W$51 | AB97: ='PS-i'!$X$51 | AC97: ='PS-i'!$Y$51 | AD97: ='PS-i'!$Z$51
A98: tab:case_i_ps_experiments | B98: i | C98: PS | D98: raw | E98: ='PS-i'!$A$52 | F98: ='PS-i'!$B$52 | G98: ='PS-i'!$C$52 | H98: ='PS-i'!$D$52 | I98: ='PS-i'!$E$52 | J98: ='PS-i'!$F$52 | K98: ='PS-i'!$G$52 | L98: ='PS-i'!$H$52 | M98: ='PS-i'!$I$52 | N98: ='PS-i'!$J$52 | O98: ='PS-i'!$K$52 | P98: ='PS-i'!$L$52 | Q98: ='PS-i'!$M$52 | R98: ='PS-i'!$N$52 | S98: ='PS-i'!$O$52 | T98: ='PS-i'!$P$52 | U98: ='PS-i'!$Q$52 | V98: ='PS-i'!$R$52 | W98: ='PS-i'!$S$52 | X98: ='PS-i'!$T$52 | Y98: ='PS-i'!$U$52 | Z98: ='PS-i'!$V$52 | AA98: ='PS-i'!$W$52 | AB98: ='PS-i'!$X$52 | AC98: ='PS-i'!$Y$52 | AD98: ='PS-i'!$Z$52
A99: tab:case_i_ps_experiments | B99: i | C99: PS | D99: raw | E99: ='PS-i'!$A$53 | F99: ='PS-i'!$B$53 | G99: ='PS-i'!$C$53 | H99: ='PS-i'!$D$53 | I99: ='PS-i'!$E$53 | J99: ='PS-i'!$F$53 | K99: ='PS-i'!$G$53 | L99: ='PS-i'!$H$53 | M99: ='PS-i'!$I$53 | N99: ='PS-i'!$J$53 | O99: ='PS-i'!$K$53 | P99: ='PS-i'!$L$53 | Q99: ='PS-i'!$M$53 | R99: ='PS-i'!$N$53 | S99: ='PS-i'!$O$53 | T99: ='PS-i'!$P$53 | U99: ='PS-i'!$Q$53 | V99: ='PS-i'!$R$53 | W99: ='PS-i'!$S$53 | X99: ='PS-i'!$T$53 | Y99: ='PS-i'!$U$53 | Z99: ='PS-i'!$V$53 | AA99: ='PS-i'!$W$53 | AB99: ='PS-i'!$X$53 | AC99: ='PS-i'!$Y$53 | AD99: ='PS-i'!$Z$53
A100: tab:case_i_ps_experiments | B100: i | C100: PS | D100: raw | E100: ='PS-i'!$A$54 | F100: ='PS-i'!$B$54 | G100: ='PS-i'!$C$54 | H100: ='PS-i'!$D$54 | I100: ='PS-i'!$E$54 | J100: ='PS-i'!$F$54 | K100: ='PS-i'!$G$54 | L100: ='PS-i'!$H$54 | M100: ='PS-i'!$I$54 | N100: ='PS-i'!$J$54 | O100: ='PS-i'!$K$54 | P100: ='PS-i'!$L$54 | Q100: ='PS-i'!$M$54 | R100: ='PS-i'!$N$54 | S100: ='PS-i'!$O$54 | T100: ='PS-i'!$P$54 | U100: ='PS-i'!$Q$54 | V100: ='PS-i'!$R$54 | W100: ='PS-i'!$S$54 | X100: ='PS-i'!$T$54 | Y100: ='PS-i'!$U$54 | Z100: ='PS-i'!$V$54 | AA100: ='PS-i'!$W$54 | AB100: ='PS-i'!$X$54 | AC100: ='PS-i'!$Y$54 | AD100: ='PS-i'!$Z$54
...

Sheet CubeSat-i
A1: CubeSat-i — metrics as spreadsheet formulas over the pasted run matrices (raw matrices)
A2: Rows 6–55: summary (all formulas referencing the blocks below). Rows 59–68: gold/silver ranking. Blocks from row 72: pasted run matrices, then every metric as a formula.
A5: Configuration | B5: Model | C5: n_runs | D5: unsure cells | E5: unsure % | F5: coverage | G5: Precision mean | H5: Precision std | I5: Precision avg-matrix | J5: Recall mean | K5: Recall std | L5: Recall avg-matrix | M5: F1 mean | N5: F1 std | O5: F1 avg-matrix | P5: Accuracy mean | Q5: Accuracy std | R5: Accuracy avg-matrix | S5: Edit distance mean | T5: Edit distance std | U5: Edit distance avg-matrix | V5: Spectral distance mean | W5: Spectral distance std | X5: Spectral distance avg-matrix | Y5: note | Z5: block row
A6: LLM | B6: gpt4-turbo-preview | C6: =COUNT($B$82,$C$82,$D$82,$E$82,$F$82) | D6: =SUM($B$92:$F$92) | E6: =IFERROR(100*$D$6/($C$6*36),0) | F6: =IFERROR(1-$D$6/($C$6*36),0) | G6: =$H$86 | H6: =$I$86 | I6: =$G$86 | J6: =$H$87 | K6: =$I$87 | L6: =$G$87 | M6: =$H$88 | N6: =$I$88 | O6: =$G$88 | P6: =$H$89 | Q6: =$I$89 | R6: =$G$89 | S6: =$H$90 | T6: =$I$90 | U6: =$G$90 | V6: =$H$91 | W6: =$I$91 | X6: =$G$91 | Z6: 72
A7: LLM | B7: gpt4o | C7: =COUNT($B$130,$C$130,$D$130,$E$130,$F$130) | D7: =SUM($B$140:$F$140) | E7: =IFERROR(100*$D$7/($C$7*36),0) | F7: =IFERROR(1-$D$7/($C$7*36),0) | G7: =$H$134 | H7: =$I$134 | I7: =$G$134 | J7: =$H$135 | K7: =$I$135 | L7: =$G$135 | M7: =$H$136 | N7: =$I$136 | O7: =$G$136 | P7: =$H$137 | Q7: =$I$137 | R7: =$G$137 | S7: =$H$138 | T7: =$I$138 | U7: =$G$138 | V7: =$H$139 | W7: =$I$139 | X7: =$G$139 | Z7: 120
A8: LLM | B8: mixtral:8x22b | C8: =COUNT($B$178,$C$178,$D$178,$E$178,$F$178) | D8: =SUM($B$188:$F$188) | E8: =IFERROR(100*$D$8/($C$8*36),0) | F8: =IFERROR(1-$D$8/($C$8*36),0) | G8: =$H$182 | H8: =$I$182 | I8: =$G$182 | J8: =$H$183 | K8: =$I$183 | L8: =$G$183 | M8: =$H$184 | N8: =$I$184 | O8: =$G$184 | P8: =$H$185 | Q8: =$I$185 | R8: =$G$185 | S8: =$H$186 | T8: =$I$186 | U8: =$G$186 | V8: =$H$187 | W8: =$I$187 | X8: =$G$187 | Z8: 168
A9: LLM | B9: llama3.3:70b | C9: =COUNT($B$226,$C$226,$D$226,$E$226,$F$226) | D9: =SUM($B$236:$F$236) | E9: =IFERROR(100*$D$9/($C$9*36),0) | F9: =IFERROR(1-$D$9/($C$9*36),0) | G9: =$H$230 | H9: =$I$230 | I9: =$G$230 | J9: =$H$231 | K9: =$I$231 | L9: =$G$231 | M9: =$H$232 | N9: =$I$232 | O9: =$G$232 | P9: =$H$233 | Q9: =$I$233 | R9: =$G$233 | S9: =$H$234 | T9: =$I$234 | U9: =$G$234 | V9: =$H$235 | W9: =$I$235 | X9: =$G$235 | Z9: 216
A10: LLM | B10: deepseek-r1:14b | C10: =COUNT($B$274,$C$274,$D$274,$E$274,$F$274) | D10: =SUM($B$284:$F$284) | E10: =IFERROR(100*$D$10/($C$10*36),0) | F10: =IFERROR(1-$D$10/($C$10*36),0) | G10: =$H$278 | H10: =$I$278 | I10: =$G$278 | J10: =$H$279 | K10: =$I$279 | L10: =$G$279 | M10: =$H$280 | N10: =$I$280 | O10: =$G$280 | P10: =$H$281 | Q10: =$I$281 | R10: =$G$281 | S10: =$H$282 | T10: =$I$282 | U10: =$G$282 | V10: =$H$283 | W10: =$I$283 | X10: =$G$283 | Z10: 264
A11: RAG R1 | B11: gpt4-turbo-preview | C11: =COUNT($B$322,$C$322,$D$322,$E$322,$F$322) | D11: =SUM($B$332:$F$332) | E11: =IFERROR(100*$D$11/($C$11*36),0) | F11: =IFERROR(1-$D$11/($C$11*36),0) | G11: =$H$326 | H11: =$I$326 | I11: =$G$326 | J11: =$H$327 | K11: =$I$327 | L11: =$G$327 | M11: =$H$328 | N11: =$I$328 | O11: =$G$328 | P11: =$H$329 | Q11: =$I$329 | R11: =$G$329 | S11: =$H$330 | T11: =$I$330 | U11: =$G$330 | V11: =$H$331 | W11: =$I$331 | X11: =$G$331 | Z11: 312
A12: RAG R1 | B12: gpt4o | C12: 0 | G12: N/A | H12: N/A | I12: N/A | J12: N/A | K12: N/A | L12: N/A | M12: N/A | N12: N/A | O12: N/A | P12: N/A | Q12: N/A | R12: N/A | S12: N/A | T12: N/A | U12: N/A | V12: N/A | W12: N/A | X12: N/A | Y12: N/A
A13: RAG R1 | B13: mixtral:8x22b | C13: =COUNT($B$370,$C$370,$D$370,$E$370,$F$370) | D13: =SUM($B$380:$F$380) | E13: =IFERROR(100*$D$13/($C$13*36),0) | F13: =IFERROR(1-$D$13/($C$13*36),0) | G13: =$H$374 | H13: =$I$374 | I13: =$G$374 | J13: =$H$375 | K13: =$I$375 | L13: =$G$375 | M13: =$H$376 | N13: =$I$376 | O13: =$G$376 | P13: =$H$377 | Q13: =$I$377 | R13: =$G$377 | S13: =$H$378 | T13: =$I$378 | U13: =$G$378 | V13: =$H$379 | W13: =$I$379 | X13: =$G$379 | Z13: 360
A14: RAG R1 | B14: llama3.3:70b | C14: =COUNT($B$418,$C$418,$D$418,$E$418,$F$418) | D14: =SUM($B$428:$F$428) | E14: =IFERROR(100*$D$14/($C$14*36),0) | F14: =IFERROR(1-$D$14/($C$14*36),0) | G14: =$H$422 | H14: =$I$422 | I14: =$G$422 | J14: =$H$423 | K14: =$I$423 | L14: =$G$423 | M14: =$H$424 | N14: =$I$424 | O14: =$G$424 | P14: =$H$425 | Q14: =$I$425 | R14: =$G$425 | S14: =$H$426 | T14: =$I$426 | U14: =$G$426 | V14: =$H$427 | W14: =$I$427 | X14: =$G$427 | Z14: 408
A15: RAG R1 | B15: deepseek-r1:14b | C15: =COUNT($B$466,$C$466,$D$466,$E$466,$F$466) | D15: =SUM($B$476:$F$476) | E15: =IFERROR(100*$D$15/($C$15*36),0) | F15: =IFERROR(1-$D$15/($C$15*36),0) | G15: =$H$470 | H15: =$I$470 | I15: =$G$470 | J15: =$H$471 | K15: =$I$471 | L15: =$G$471 | M15: =$H$472 | N15: =$I$472 | O15: =$G$472 | P15: =$H$473 | Q15: =$I$473 | R15: =$G$473 | S15: =$H$474 | T15: =$I$474 | U15: =$G$474 | V15: =$H$475 | W15: =$I$475 | X15: =$G$475 | Z15: 456
A16: RAG R2 | B16: gpt4-turbo-preview | C16: =COUNT($B$514,$C$514,$D$514,$E$514,$F$514) | D16: =SUM($B$524:$F$524) | E16: =IFERROR(100*$D$16/($C$16*36),0) | F16: =IFERROR(1-$D$16/($C$16*36),0) | G16: =$H$518 | H16: =$I$518 | I16: =$G$518 | J16: =$H$519 | K16: =$I$519 | L16: =$G$519 | M16: =$H$520 | N16: =$I$520 | O16: =$G$520 | P16: =$H$521 | Q16: =$I$521 | R16: =$G$521 | S16: =$H$522 | T16: =$I$522 | U16: =$G$522 | V16: =$H$523 | W16: =$I$523 | X16: =$G$523 | Z16: 504
A17: RAG R2 | B17: gpt4o | C17: 0 | G17: N/A | H17: N/A | I17: N/A | J17: N/A | K17: N/A | L17: N/A | M17: N/A | N17: N/A | O17: N/A | P17: N/A | Q17: N/A | R17: N/A | S17: N/A | T17: N/A | U17: N/A | V17: N/A | W17: N/A | X17: N/A | Y17: N/A
A18: RAG R2 | B18: mixtral:8x22b | C18: =COUNT($B$562,$C$562,$D$562,$E$562,$F$562) | D18: =SUM($B$572:$F$572) | E18: =IFERROR(100*$D$18/($C$18*36),0) | F18: =IFERROR(1-$D$18/($C$18*36),0) | G18: =$H$566 | H18: =$I$566 | I18: =$G$566 | J18: =$H$567 | K18: =$I$567 | L18: =$G$567 | M18: =$H$568 | N18: =$I$568 | O18: =$G$568 | P18: =$H$569 | Q18: =$I$569 | R18: =$G$569 | S18: =$H$570 | T18: =$I$570 | U18: =$G$570 | V18: =$H$571 | W18: =$I$571 | X18: =$G$571 | Z18: 552
A19: RAG R2 | B19: llama3.3:70b | C19: =COUNT($B$610,$C$610,$D$610,$E$610,$F$610) | D19: =SUM($B$620:$F$620) | E19: =IFERROR(100*$D$19/($C$19*36),0) | F19: =IFERROR(1-$D$19/($C$19*36),0) | G19: =$H$614 | H19: =$I$614 | I19: =$G$614 | J19: =$H$615 | K19: =$I$615 | L19: =$G$615 | M19: =$H$616 | N19: =$I$616 | O19: =$G$616 | P19: =$H$617 | Q19: =$I$617 | R19: =$G$617 | S19: =$H$618 | T19: =$I$618 | U19: =$G$618 | V19: =$H$619 | W19: =$I$619 | X19: =$G$619 | Z19: 600
A20: RAG R2 | B20: deepseek-r1:14b | C20: =COUNT($B$658,$C$658,$D$658,$E$658,$F$658) | D20: =SUM($B$668:$F$668) | E20: =IFERROR(100*$D$20/($C$20*36),0) | F20: =IFERROR(1-$D$20/($C$20*36),0) | G20: =$H$662 | H20: =$I$662 | I20: =$G$662 | J20: =$H$663 | K20: =$I$663 | L20: =$G$663 | M20: =$H$664 | N20: =$I$664 | O20: =$G$664 | P20: =$H$665 | Q20: =$I$665 | R20: =$G$665 | S20: =$H$666 | T20: =$I$666 | U20: =$G$666 | V20: =$H$667 | W20: =$I$667 | X20: =$G$667 | Z20: 648
A21: RAG R3 | B21: gpt4-turbo-preview | C21: =COUNT($B$706,$C$706,$D$706,$E$706,$F$706) | D21: =SUM($B$716:$F$716) | E21: =IFERROR(100*$D$21/($C$21*36),0) | F21: =IFERROR(1-$D$21/($C$21*36),0) | G21: =$H$710 | H21: =$I$710 | I21: =$G$710 | J21: =$H$711 | K21: =$I$711 | L21: =$G$711 | M21: =$H$712 | N21: =$I$712 | O21: =$G$712 | P21: =$H$713 | Q21: =$I$713 | R21: =$G$713 | S21: =$H$714 | T21: =$I$714 | U21: =$G$714 | V21: =$H$715 | W21: =$I$715 | X21: =$G$715 | Z21: 696
A22: RAG R3 | B22: gpt4o | C22: 0 | G22: N/A | H22: N/A | I22: N/A | J22: N/A | K22: N/A | L22: N/A | M22: N/A | N22: N/A | O22: N/A | P22: N/A | Q22: N/A | R22: N/A | S22: N/A | T22: N/A | U22: N/A | V22: N/A | W22: N/A | X22: N/A | Y22: N/A
A23: RAG R3 | B23: mixtral:8x22b | C23: =COUNT($B$754,$C$754,$D$754,$E$754,$F$754) | D23: =SUM($B$764:$F$764) | E23: =IFERROR(100*$D$23/($C$23*36),0) | F23: =IFERROR(1-$D$23/($C$23*36),0) | G23: =$H$758 | H23: =$I$758 | I23: =$G$758 | J23: =$H$759 | K23: =$I$759 | L23: =$G$759 | M23: =$H$760 | N23: =$I$760 | O23: =$G$760 | P23: =$H$761 | Q23: =$I$761 | R23: =$G$761 | S23: =$H$762 | T23: =$I$762 | U23: =$G$762 | V23: =$H$763 | W23: =$I$763 | X23: =$G$763 | Z23: 744
A24: RAG R3 | B24: llama3.3:70b | C24: =COUNT($B$802,$C$802,$D$802,$E$802,$F$802) | D24: =SUM($B$812:$F$812) | E24: =IFERROR(100*$D$24/($C$24*36),0) | F24: =IFERROR(1-$D$24/($C$24*36),0) | G24: =$H$806 | H24: =$I$806 | I24: =$G$806 | J24: =$H$807 | K24: =$I$807 | L24: =$G$807 | M24: =$H$808 | N24: =$I$808 | O24: =$G$808 | P24: =$H$809 | Q24: =$I$809 | R24: =$G$809 | S24: =$H$810 | T24: =$I$810 | U24: =$G$810 | V24: =$H$811 | W24: =$I$811 | X24: =$G$811 | Z24: 792
A25: RAG R3 | B25: deepseek-r1:14b | C25: =COUNT($B$850,$C$850,$D$850,$E$850,$F$850) | D25: =SUM($B$860:$F$860) | E25: =IFERROR(100*$D$25/($C$25*36),0) | F25: =IFERROR(1-$D$25/($C$25*36),0) | G25: =$H$854 | H25: =$I$854 | I25: =$G$854 | J25: =$H$855 | K25: =$I$855 | L25: =$G$855 | M25: =$H$856 | N25: =$I$856 | O25: =$G$856 | P25: =$H$857 | Q25: =$I$857 | R25: =$G$857 | S25: =$H$858 | T25: =$I$858 | U25: =$G$858 | V25: =$H$859 | W25: =$I$859 | X25: =$G$859 | Z25: 840
A26: RAG R1-R2 | B26: gpt4-turbo-preview | C26: =COUNT($B$898,$C$898,$D$898,$E$898,$F$898) | D26: =SUM($B$908:$F$908) | E26: =IFERROR(100*$D$26/($C$26*36),0) | F26: =IFERROR(1-$D$26/($C$26*36),0) | G26: =$H$902 | H26: =$I$902 | I26: =$G$902 | J26: =$H$903 | K26: =$I$903 | L26: =$G$903 | M26: =$H$904 | N26: =$I$904 | O26: =$G$904 | P26: =$H$905 | Q26: =$I$905 | R26: =$G$905 | S26: =$H$906 | T26: =$I$906 | U26: =$G$906 | V26: =$H$907 | W26: =$I$907 | X26: =$G$907 | Z26: 888
A27: RAG R1-R2 | B27: gpt4o | C27: 0 | G27: N/A | H27: N/A | I27: N/A | J27: N/A | K27: N/A | L27: N/A | M27: N/A | N27: N/A | O27: N/A | P27: N/A | Q27: N/A | R27: N/A | S27: N/A | T27: N/A | U27: N/A | V27: N/A | W27: N/A | X27: N/A | Y27: N/A
A28: RAG R1-R2 | B28: mixtral:8x22b | C28: =COUNT($B$946,$C$946,$D$946,$E$946,$F$946) | D28: =SUM($B$956:$F$956) | E28: =IFERROR(100*$D$28/($C$28*36),0) | F28: =IFERROR(1-$D$28/($C$28*36),0) | G28: =$H$950 | H28: =$I$950 | I28: =$G$950 | J28: =$H$951 | K28: =$I$951 | L28: =$G$951 | M28: =$H$952 | N28: =$I$952 | O28: =$G$952 | P28: =$H$953 | Q28: =$I$953 | R28: =$G$953 | S28: =$H$954 | T28: =$I$954 | U28: =$G$954 | V28: =$H$955 | W28: =$I$955 | X28: =$G$955 | Z28: 936
A29: RAG R1-R2 | B29: llama3.3:70b | C29: =COUNT($B$994,$C$994,$D$994,$E$994,$F$994) | D29: =SUM($B$1004:$F$1004) | E29: =IFERROR(100*$D$29/($C$29*36),0) | F29: =IFERROR(1-$D$29/($C$29*36),0) | G29: =$H$998 | H29: =$I$998 | I29: =$G$998 | J29: =$H$999 | K29: =$I$999 | L29: =$G$999 | M29: =$H$1000 | N29: =$I$1000 | O29: =$G$1000 | P29: =$H$1001 | Q29: =$I$1001 | R29: =$G$1001 | S29: =$H$1002 | T29: =$I$1002 | U29: =$G$1002 | V29: =$H$1003 | W29: =$I$1003 | X29: =$G$1003 | Z29: 984
A30: RAG R1-R2 | B30: deepseek-r1:14b | C30: =COUNT($B$1042,$C$1042,$D$1042,$E$1042,$F$1042) | D30: =SUM($B$1052:$F$1052) | E30: =IFERROR(100*$D$30/($C$30*36),0) | F30: =IFERROR(1-$D$30/($C$30*36),0) | G30: =$H$1046 | H30: =$I$1046 | I30: =$G$1046 | J30: =$H$1047 | K30: =$I$1047 | L30: =$G$1047 | M30: =$H$1048 | N30: =$I$1048 | O30: =$G$1048 | P30: =$H$1049 | Q30: =$I$1049 | R30: =$G$1049 | S30: =$H$1050 | T30: =$I$1050 | U30: =$G$1050 | V30: =$H$1051 | W30: =$I$1051 | X30: =$G$1051 | Z30: 1032
A31: RAG R1-R3 | B31: gpt4-turbo-preview | C31: =COUNT($B$1090,$C$1090,$D$1090,$E$1090,$F$1090) | D31: =SUM($B$1100:$F$1100) | E31: =IFERROR(100*$D$31/($C$31*36),0) | F31: =IFERROR(1-$D$31/($C$31*36),0) | G31: =$H$1094 | H31: =$I$1094 | I31: =$G$1094 | J31: =$H$1095 | K31: =$I$1095 | L31: =$G$1095 | M31: =$H$1096 | N31: =$I$1096 | O31: =$G$1096 | P31: =$H$1097 | Q31: =$I$1097 | R31: =$G$1097 | S31: =$H$1098 | T31: =$I$1098 | U31: =$G$1098 | V31: =$H$1099 | W31: =$I$1099 | X31: =$G$1099 | Z31: 1080
A32: RAG R1-R3 | B32: gpt4o | C32: 0 | G32: N/A | H32: N/A | I32: N/A | J32: N/A | K32: N/A | L32: N/A | M32: N/A | N32: N/A | O32: N/A | P32: N/A | Q32: N/A | R32: N/A | S32: N/A | T32: N/A | U32: N/A | V32: N/A | W32: N/A | X32: N/A | Y32: N/A
A33: RAG R1-R3 | B33: mixtral:8x22b | C33: =COUNT($B$1138,$C$1138,$D$1138,$E$1138,$F$1138) | D33: =SUM($B$1148:$F$1148) | E33: =IFERROR(100*$D$33/($C$33*36),0) | F33: =IFERROR(1-$D$33/($C$33*36),0) | G33: =$H$1142 | H33: =$I$1142 | I33: =$G$1142 | J33: =$H$1143 | K33: =$I$1143 | L33: =$G$1143 | M33: =$H$1144 | N33: =$I$1144 | O33: =$G$1144 | P33: =$H$1145 | Q33: =$I$1145 | R33: =$G$1145 | S33: =$H$1146 | T33: =$I$1146 | U33: =$G$1146 | V33: =$H$1147 | W33: =$I$1147 | X33: =$G$1147 | Z33: 1128
A34: RAG R1-R3 | B34: llama3.3:70b | C34: =COUNT($B$1186,$C$1186,$D$1186,$E$1186,$F$1186) | D34: =SUM($B$1196:$F$1196) | E34: =IFERROR(100*$D$34/($C$34*36),0) | F34: =IFERROR(1-$D$34/($C$34*36),0) | G34: =$H$1190 | H34: =$I$1190 | I34: =$G$1190 | J34: =$H$1191 | K34: =$I$1191 | L34: =$G$1191 | M34: =$H$1192 | N34: =$I$1192 | O34: =$G$1192 | P34: =$H$1193 | Q34: =$I$1193 | R34: =$G$1193 | S34: =$H$1194 | T34: =$I$1194 | U34: =$G$1194 | V34: =$H$1195 | W34: =$I$1195 | X34: =$G$1195 | Z34: 1176
A35: RAG R1-R3 | B35: deepseek-r1:14b | C35: =COUNT($B$1234,$C$1234,$D$1234,$E$1234,$F$1234) | D35: =SUM($B$1244:$F$1244) | E35: =IFERROR(100*$D$35/($C$35*36),0) | F35: =IFERROR(1-$D$35/($C$35*36),0) | G35: =$H$1238 | H35: =$I$1238 | I35: =$G$1238 | J35: =$H$1239 | K35: =$I$1239 | L35: =$G$1239 | M35: =$H$1240 | N35: =$I$1240 | O35: =$G$1240 | P35: =$H$1241 | Q35: =$I$1241 | R35: =$G$1241 | S35: =$H$1242 | T35: =$I$1242 | U35: =$G$1242 | V35: =$H$1243 | W35: =$I$1243 | X35: =$G$1243 | Z35: 1224
A36: RAG R2-R3 | B36: gpt4-turbo-preview | C36: =COUNT($B$1282,$C$1282,$D$1282,$E$1282,$F$1282) | D36: =SUM($B$1292:$F$1292) | E36: =IFERROR(100*$D$36/($C$36*36),0) | F36: =IFERROR(1-$D$36/($C$36*36),0) | G36: =$H$1286 | H36: =$I$1286 | I36: =$G$1286 | J36: =$H$1287 | K36: =$I$1287 | L36: =$G$1287 | M36: =$H$1288 | N36: =$I$1288 | O36: =$G$1288 | P36: =$H$1289 | Q36: =$I$1289 | R36: =$G$1289 | S36: =$H$1290 | T36: =$I$1290 | U36: =$G$1290 | V36: =$H$1291 | W36: =$I$1291 | X36: =$G$1291 | Z36: 1272
A37: RAG R2-R3 | B37: gpt4o | C37: 0 | G37: N/A | H37: N/A | I37: N/A | J37: N/A | K37: N/A | L37: N/A | M37: N/A | N37: N/A | O37: N/A | P37: N/A | Q37: N/A | R37: N/A | S37: N/A | T37: N/A | U37: N/A | V37: N/A | W37: N/A | X37: N/A | Y37: N/A
A38: RAG R2-R3 | B38: mixtral:8x22b | C38: =COUNT($B$1330,$C$1330,$D$1330,$E$1330,$F$1330) | D38: =SUM($B$1340:$F$1340) | E38: =IFERROR(100*$D$38/($C$38*36),0) | F38: =IFERROR(1-$D$38/($C$38*36),0) | G38: =$H$1334 | H38: =$I$1334 | I38: =$G$1334 | J38: =$H$1335 | K38: =$I$1335 | L38: =$G$1335 | M38: =$H$1336 | N38: =$I$1336 | O38: =$G$1336 | P38: =$H$1337 | Q38: =$I$1337 | R38: =$G$1337 | S38: =$H$1338 | T38: =$I$1338 | U38: =$G$1338 | V38: =$H$1339 | W38: =$I$1339 | X38: =$G$1339 | Z38: 1320
A39: RAG R2-R3 | B39: llama3.3:70b | C39: =COUNT($B$1378,$C$1378,$D$1378,$E$1378,$F$1378) | D39: =SUM($B$1388:$F$1388) | E39: =IFERROR(100*$D$39/($C$39*36),0) | F39: =IFERROR(1-$D$39/($C$39*36),0) | G39: =$H$1382 | H39: =$I$1382 | I39: =$G$1382 | J39: =$H$1383 | K39: =$I$1383 | L39: =$G$1383 | M39: =$H$1384 | N39: =$I$1384 | O39: =$G$1384 | P39: =$H$1385 | Q39: =$I$1385 | R39: =$G$1385 | S39: =$H$1386 | T39: =$I$1386 | U39: =$G$1386 | V39: =$H$1387 | W39: =$I$1387 | X39: =$G$1387 | Z39: 1368
A40: RAG R2-R3 | B40: deepseek-r1:14b | C40: =COUNT($B$1426,$C$1426,$D$1426,$E$1426,$F$1426) | D40: =SUM($B$1436:$F$1436) | E40: =IFERROR(100*$D$40/($C$40*36),0) | F40: =IFERROR(1-$D$40/($C$40*36),0) | G40: =$H$1430 | H40: =$I$1430 | I40: =$G$1430 | J40: =$H$1431 | K40: =$I$1431 | L40: =$G$1431 | M40: =$H$1432 | N40: =$I$1432 | O40: =$G$1432 | P40: =$H$1433 | Q40: =$I$1433 | R40: =$G$1433 | S40: =$H$1434 | T40: =$I$1434 | U40: =$G$1434 | V40: =$H$1435 | W40: =$I$1435 | X40: =$G$1435 | Z40: 1416
A41: RAG R1-R2-R3 | B41: gpt4-turbo-preview | C41: =COUNT($B$1474,$C$1474,$D$1474,$E$1474,$F$1474) | D41: =SUM($B$1484:$F$1484) | E41: =IFERROR(100*$D$41/($C$41*36),0) | F41: =IFERROR(1-$D$41/($C$41*36),0) | G41: =$H$1478 | H41: =$I$1478 | I41: =$G$1478 | J41: =$H$1479 | K41: =$I$1479 | L41: =$G$1479 | M41: =$H$1480 | N41: =$I$1480 | O41: =$G$1480 | P41: =$H$1481 | Q41: =$I$1481 | R41: =$G$1481 | S41: =$H$1482 | T41: =$I$1482 | U41: =$G$1482 | V41: =$H$1483 | W41: =$I$1483 | X41: =$G$1483 | Z41: 1464
A42: RAG R1-R2-R3 | B42: gpt4o | C42: 0 | G42: N/A | H42: N/A | I42: N/A | J42: N/A | K42: N/A | L42: N/A | M42: N/A | N42: N/A | O42: N/A | P42: N/A | Q42: N/A | R42: N/A | S42: N/A | T42: N/A | U42: N/A | V42: N/A | W42: N/A | X42: N/A | Y42: N/A
A43: RAG R1-R2-R3 | B43: mixtral:8x22b | C43: =COUNT($B$1522,$C$1522,$D$1522,$E$1522,$F$1522) | D43: =SUM($B$1532:$F$1532) | E43: =IFERROR(100*$D$43/($C$43*36),0) | F43: =IFERROR(1-$D$43/($C$43*36),0) | G43: =$H$1526 | H43: =$I$1526 | I43: =$G$1526 | J43: =$H$1527 | K43: =$I$1527 | L43: =$G$1527 | M43: =$H$1528 | N43: =$I$1528 | O43: =$G$1528 | P43: =$H$1529 | Q43: =$I$1529 | R43: =$G$1529 | S43: =$H$1530 | T43: =$I$1530 | U43: =$G$1530 | V43: =$H$1531 | W43: =$I$1531 | X43: =$G$1531 | Z43: 1512
A44: RAG R1-R2-R3 | B44: llama3.3:70b | C44: =COUNT($B$1570,$C$1570,$D$1570,$E$1570,$F$1570) | D44: =SUM($B$1580:$F$1580) | E44: =IFERROR(100*$D$44/($C$44*36),0) | F44: =IFERROR(1-$D$44/($C$44*36),0) | G44: =$H$1574 | H44: =$I$1574 | I44: =$G$1574 | J44: =$H$1575 | K44: =$I$1575 | L44: =$G$1575 | M44: =$H$1576 | N44: =$I$1576 | O44: =$G$1576 | P44: =$H$1577 | Q44: =$I$1577 | R44: =$G$1577 | S44: =$H$1578 | T44: =$I$1578 | U44: =$G$1578 | V44: =$H$1579 | W44: =$I$1579 | X44: =$G$1579 | Z44: 1560
A45: RAG R1-R2-R3 | B45: deepseek-r1:14b | C45: =COUNT($B$1618,$C$1618,$D$1618,$E$1618,$F$1618) | D45: =SUM($B$1628:$F$1628) | E45: =IFERROR(100*$D$45/($C$45*36),0) | F45: =IFERROR(1-$D$45/($C$45*36),0) | G45: =$H$1622 | H45: =$I$1622 | I45: =$G$1622 | J45: =$H$1623 | K45: =$I$1623 | L45: =$G$1623 | M45: =$H$1624 | N45: =$I$1624 | O45: =$G$1624 | P45: =$H$1625 | Q45: =$I$1625 | R45: =$G$1625 | S45: =$H$1626 | T45: =$I$1626 | U45: =$G$1626 | V45: =$H$1627 | W45: =$I$1627 | X45: =$G$1627 | Z45: 1608
A46: GraphRAG R1-R2 | B46: gpt4-turbo-preview | C46: =COUNT($B$1666,$C$1666,$D$1666,$E$1666,$F$1666) | D46: =SUM($B$1676:$F$1676) | E46: =IFERROR(100*$D$46/($C$46*36),0) | F46: =IFERROR(1-$D$46/($C$46*36),0) | G46: =$H$1670 | H46: =$I$1670 | I46: =$G$1670 | J46: =$H$1671 | K46: =$I$1671 | L46: =$G$1671 | M46: =$H$1672 | N46: =$I$1672 | O46: =$G$1672 | P46: =$H$1673 | Q46: =$I$1673 | R46: =$G$1673 | S46: =$H$1674 | T46: =$I$1674 | U46: =$G$1674 | V46: =$H$1675 | W46: =$I$1675 | X46: =$G$1675 | Z46: 1656
A47: GraphRAG R1-R2 | B47: gpt4o | C47: 0 | G47: N/A | H47: N/A | I47: N/A | J47: N/A | K47: N/A | L47: N/A | M47: N/A | N47: N/A | O47: N/A | P47: N/A | Q47: N/A | R47: N/A | S47: N/A | T47: N/A | U47: N/A | V47: N/A | W47: N/A | X47: N/A | Y47: N/A
A48: GraphRAG R1-R2 | B48: mixtral:8x22b | C48: =COUNT($B$1714,$C$1714,$D$1714,$E$1714,$F$1714) | D48: =SUM($B$1724:$F$1724) | E48: =IFERROR(100*$D$48/($C$48*36),0) | F48: =IFERROR(1-$D$48/($C$48*36),0) | G48: =$H$1718 | H48: =$I$1718 | I48: =$G$1718 | J48: =$H$1719 | K48: =$I$1719 | L48: =$G$1719 | M48: =$H$1720 | N48: =$I$1720 | O48: =$G$1720 | P48: =$H$1721 | Q48: =$I$1721 | R48: =$G$1721 | S48: =$H$1722 | T48: =$I$1722 | U48: =$G$1722 | V48: =$H$1723 | W48: =$I$1723 | X48: =$G$1723 | Z48: 1704
A49: GraphRAG R1-R2 | B49: llama3.3:70b | C49: =COUNT($B$1762,$C$1762,$D$1762,$E$1762,$F$1762) | D49: =SUM($B$1772:$F$1772) | E49: =IFERROR(100*$D$49/($C$49*36),0) | F49: =IFERROR(1-$D$49/($C$49*36),0) | G49: =$H$1766 | H49: =$I$1766 | I49: =$G$1766 | J49: =$H$1767 | K49: =$I$1767 | L49: =$G$1767 | M49: =$H$1768 | N49: =$I$1768 | O49: =$G$1768 | P49: =$H$1769 | Q49: =$I$1769 | R49: =$G$1769 | S49: =$H$1770 | T49: =$I$1770 | U49: =$G$1770 | V49: =$H$1771 | W49: =$I$1771 | X49: =$G$1771 | Z49: 1752
A50: GraphRAG R1-R2 | B50: deepseek-r1:14b | C50: =COUNT($B$1810,$C$1810,$D$1810,$E$1810,$F$1810) | D50: =SUM($B$1820:$F$1820) | E50: =IFERROR(100*$D$50/($C$50*36),0) | F50: =IFERROR(1-$D$50/($C$50*36),0) | G50: =$H$1814 | H50: =$I$1814 | I50: =$G$1814 | J50: =$H$1815 | K50: =$I$1815 | L50: =$G$1815 | M50: =$H$1816 | N50: =$I$1816 | O50: =$G$1816 | P50: =$H$1817 | Q50: =$I$1817 | R50: =$G$1817 | S50: =$H$1818 | T50: =$I$1818 | U50: =$G$1818 | V50: =$H$1819 | W50: =$I$1819 | X50: =$G$1819 | Z50: 1800
A51: GraphRAG R2-R3 | B51: gpt4-turbo-preview | C51: =COUNT($B$1858,$C$1858,$D$1858,$E$1858,$F$1858) | D51: =SUM($B$1868:$F$1868) | E51: =IFERROR(100*$D$51/($C$51*36),0) | F51: =IFERROR(1-$D$51/($C$51*36),0) | G51: =$H$1862 | H51: =$I$1862 | I51: =$G$1862 | J51: =$H$1863 | K51: =$I$1863 | L51: =$G$1863 | M51: =$H$1864 | N51: =$I$1864 | O51: =$G$1864 | P51: =$H$1865 | Q51: =$I$1865 | R51: =$G$1865 | S51: =$H$1866 | T51: =$I$1866 | U51: =$G$1866 | V51: =$H$1867 | W51: =$I$1867 | X51: =$G$1867 | Z51: 1848
A52: GraphRAG R2-R3 | B52: gpt4o | C52: 0 | G52: N/A | H52: N/A | I52: N/A | J52: N/A | K52: N/A | L52: N/A | M52: N/A | N52: N/A | O52: N/A | P52: N/A | Q52: N/A | R52: N/A | S52: N/A | T52: N/A | U52: N/A | V52: N/A | W52: N/A | X52: N/A | Y52: N/A
A53: GraphRAG R2-R3 | B53: mixtral:8x22b | C53: =COUNT($B$1906,$C$1906,$D$1906,$E$1906,$F$1906) | D53: =SUM($B$1916:$F$1916) | E53: =IFERROR(100*$D$53/($C$53*36),0) | F53: =IFERROR(1-$D$53/($C$53*36),0) | G53: =$H$1910 | H53: =$I$1910 | I53: =$G$1910 | J53: =$H$1911 | K53: =$I$1911 | L53: =$G$1911 | M53: =$H$1912 | N53: =$I$1912 | O53: =$G$1912 | P53: =$H$1913 | Q53: =$I$1913 | R53: =$G$1913 | S53: =$H$1914 | T53: =$I$1914 | U53: =$G$1914 | V53: =$H$1915 | W53: =$I$1915 | X53: =$G$1915 | Z53: 1896
A54: GraphRAG R2-R3 | B54: llama3.3:70b | C54: =COUNT($B$1954,$C$1954,$D$1954,$E$1954,$F$1954) | D54: =SUM($B$1964:$F$1964) | E54: =IFERROR(100*$D$54/($C$54*36),0) | F54: =IFERROR(1-$D$54/($C$54*36),0) | G54: =$H$1958 | H54: =$I$1958 | I54: =$G$1958 | J54: =$H$1959 | K54: =$I$1959 | L54: =$G$1959 | M54: =$H$1960 | N54: =$I$1960 | O54: =$G$1960 | P54: =$H$1961 | Q54: =$I$1961 | R54: =$G$1961 | S54: =$H$1962 | T54: =$I$1962 | U54: =$G$1962 | V54: =$H$1963 | W54: =$I$1963 | X54: =$G$1963 | Y54: 1 run(s) returned no matrix | Z54: 1944
A55: GraphRAG R2-R3 | B55: deepseek-r1:14b | C55: =COUNT($B$2002,$C$2002,$D$2002,$E$2002,$F$2002) | D55: =SUM($B$2012:$F$2012) | E55: =IFERROR(100*$D$55/($C$55*36),0) | F55: =IFERROR(1-$D$55/($C$55*36),0) | G55: =$H$2006 | H55: =$I$2006 | I55: =$G$2006 | J55: =$H$2007 | K55: =$I$2007 | L55: =$G$2007 | M55: =$H$2008 | N55: =$I$2008 | O55: =$G$2008 | P55: =$H$2009 | Q55: =$I$2009 | R55: =$G$2009 | S55: =$H$2010 | T55: =$I$2010 | U55: =$G$2010 | V55: =$H$2011 | W55: =$I$2011 | X55: =$G$2011 | Z55: 1992
A58: Configuration | B58: gold per-run | C58: silver per-run | D58: gold avg-matrix | E58: silver avg-matrix
A59: LLM | B59: =IFERROR(INDEX($B$6:$B$10,MATCH(LARGE($P$6:$P$10,1),$P$6:$P$10,0)),"") | C59: =IFERROR(INDEX($B$6:$B$10,MATCH(LARGE($P$6:$P$10,2),$P$6:$P$10,0)),"") | D59: =IFERROR(INDEX($B$6:$B$10,MATCH(LARGE($R$6:$R$10,1),$R$6:$R$10,0)),"") | E59: =IFERROR(INDEX($B$6:$B$10,MATCH(LARGE($R$6:$R$10,2),$R$6:$R$10,0)),"")
A60: RAG R1 | B60: =IFERROR(INDEX($B$11:$B$15,MATCH(LARGE($P$11:$P$15,1),$P$11:$P$15,0)),"") | C60: =IFERROR(INDEX($B$11:$B$15,MATCH(LARGE($P$11:$P$15,2),$P$11:$P$15,0)),"") | D60: =IFERROR(INDEX($B$11:$B$15,MATCH(LARGE($R$11:$R$15,1),$R$11:$R$15,0)),"") | E60: =IFERROR(INDEX($B$11:$B$15,MATCH(LARGE($R$11:$R$15,2),$R$11:$R$15,0)),"")
A61: RAG R2 | B61: =IFERROR(INDEX($B$16:$B$20,MATCH(LARGE($P$16:$P$20,1),$P$16:$P$20,0)),"") | C61: =IFERROR(INDEX($B$16:$B$20,MATCH(LARGE($P$16:$P$20,2),$P$16:$P$20,0)),"") | D61: =IFERROR(INDEX($B$16:$B$20,MATCH(LARGE($R$16:$R$20,1),$R$16:$R$20,0)),"") | E61: =IFERROR(INDEX($B$16:$B$20,MATCH(LARGE($R$16:$R$20,2),$R$16:$R$20,0)),"")
A62: RAG R3 | B62: =IFERROR(INDEX($B$21:$B$25,MATCH(LARGE($P$21:$P$25,1),$P$21:$P$25,0)),"") | C62: =IFERROR(INDEX($B$21:$B$25,MATCH(LARGE($P$21:$P$25,2),$P$21:$P$25,0)),"") | D62: =IFERROR(INDEX($B$21:$B$25,MATCH(LARGE($R$21:$R$25,1),$R$21:$R$25,0)),"") | E62: =IFERROR(INDEX($B$21:$B$25,MATCH(LARGE($R$21:$R$25,2),$R$21:$R$25,0)),"")
A63: RAG R1-R2 | B63: =IFERROR(INDEX($B$26:$B$30,MATCH(LARGE($P$26:$P$30,1),$P$26:$P$30,0)),"") | C63: =IFERROR(INDEX($B$26:$B$30,MATCH(LARGE($P$26:$P$30,2),$P$26:$P$30,0)),"") | D63: =IFERROR(INDEX($B$26:$B$30,MATCH(LARGE($R$26:$R$30,1),$R$26:$R$30,0)),"") | E63: =IFERROR(INDEX($B$26:$B$30,MATCH(LARGE($R$26:$R$30,2),$R$26:$R$30,0)),"")
A64: RAG R1-R3 | B64: =IFERROR(INDEX($B$31:$B$35,MATCH(LARGE($P$31:$P$35,1),$P$31:$P$35,0)),"") | C64: =IFERROR(INDEX($B$31:$B$35,MATCH(LARGE($P$31:$P$35,2),$P$31:$P$35,0)),"") | D64: =IFERROR(INDEX($B$31:$B$35,MATCH(LARGE($R$31:$R$35,1),$R$31:$R$35,0)),"") | E64: =IFERROR(INDEX($B$31:$B$35,MATCH(LARGE($R$31:$R$35,2),$R$31:$R$35,0)),"")
A65: RAG R2-R3 | B65: =IFERROR(INDEX($B$36:$B$40,MATCH(LARGE($P$36:$P$40,1),$P$36:$P$40,0)),"") | C65: =IFERROR(INDEX($B$36:$B$40,MATCH(LARGE($P$36:$P$40,2),$P$36:$P$40,0)),"") | D65: =IFERROR(INDEX($B$36:$B$40,MATCH(LARGE($R$36:$R$40,1),$R$36:$R$40,0)),"") | E65: =IFERROR(INDEX($B$36:$B$40,MATCH(LARGE($R$36:$R$40,2),$R$36:$R$40,0)),"")
A66: RAG R1-R2-R3 | B66: =IFERROR(INDEX($B$41:$B$45,MATCH(LARGE($P$41:$P$45,1),$P$41:$P$45,0)),"") | C66: =IFERROR(INDEX($B$41:$B$45,MATCH(LARGE($P$41:$P$45,2),$P$41:$P$45,0)),"") | D66: =IFERROR(INDEX($B$41:$B$45,MATCH(LARGE($R$41:$R$45,1),$R$41:$R$45,0)),"") | E66: =IFERROR(INDEX($B$41:$B$45,MATCH(LARGE($R$41:$R$45,2),$R$41:$R$45,0)),"")
A67: GraphRAG R1-R2 | B67: =IFERROR(INDEX($B$46:$B$50,MATCH(LARGE($P$46:$P$50,1),$P$46:$P$50,0)),"") | C67: =IFERROR(INDEX($B$46:$B$50,MATCH(LARGE($P$46:$P$50,2),$P$46:$P$50,0)),"") | D67: =IFERROR(INDEX($B$46:$B$50,MATCH(LARGE($R$46:$R$50,1),$R$46:$R$50,0)),"") | E67: =IFERROR(INDEX($B$46:$B$50,MATCH(LARGE($R$46:$R$50,2),$R$46:$R$50,0)),"")
A68: GraphRAG R2-R3 | B68: =IFERROR(INDEX($B$51:$B$55,MATCH(LARGE($P$51:$P$55,1),$P$51:$P$55,0)),"") | C68: =IFERROR(INDEX($B$51:$B$55,MATCH(LARGE($P$51:$P$55,2),$P$51:$P$55,0)),"") | D68: =IFERROR(INDEX($B$51:$B$55,MATCH(LARGE($R$51:$R$55,1),$R$51:$R$55,0)),"") | E68: =IFERROR(INDEX($B$51:$B$55,MATCH(LARGE($R$51:$R$55,2),$R$51:$R$55,0)),"")
A70: Ties: Excel's MATCH returns the first model in column order; a tie for gold or silver therefore shows one model only.
A72: LLM | gpt4-turbo-preview | B72: run 1 (raw, pasted) | I72: run 2 (raw, pasted) | P72: run 3 (raw, pasted) | W72: run 4 (raw, pasted) | AD72: run 5 (raw, pasted) | AK72: Step2 average matrix (formula) | AR72: ground truth (reference)
B73: Spacecraft | C73: Guidance, Navigation, and Control (GNC) Subsystem | D73: Propulsion Subsystem | E73: Power Subsystem | F73: Reaction Wheel | G73: GNC Software | I73: Spacecraft | J73: Guidance, Navigation, and Control (GNC) Subsystem | K73: Propulsion Subsystem | L73: Power Subsystem | M73: Reaction Wheel | N73: GNC Software | P73: Spacecraft | Q73: Guidance, Navigation, and Control (GNC) Subsystem | R73: Propulsion Subsystem | S73: Power Subsystem | T73: Reaction Wheel | U73: GNC Software | W73: Spacecraft | X73: Guidance, Navigation, and Control (GNC) Subsystem | Y73: Propulsion Subsystem | Z73: Power Subsystem | AA73: Reaction Wheel | AB73: GNC Software | AD73: Spacecraft | AE73: Guidance, Navigation, and Control (GNC) Subsystem | AF73: Propulsion Subsystem | AG73: Power Subsystem | AH73: Reaction Wheel | AI73: GNC Software | AK73: Spacecraft | AL73: Guidance, Navigation, and Control (GNC) Subsystem | AM73: Propulsion Subsystem | AN73: Power Subsystem | AO73: Reaction Wheel | AP73: GNC Software
A74: Spacecraft | B74: 1 | C74: 1 | D74: 1 | E74: 1 | F74: 1 | G74: 1 | I74: 1 | J74: 1 | K74: 1 | L74: 1 | M74: 1 | N74: 1 | P74: 1 | Q74: 1 | R74: 1 | S74: 1 | T74: 1 | U74: 1 | W74: 1 | X74: 1 | Y74: 1 | Z74: 1 | AA74: 1 | AB74: 1 | AD74: 1 | AE74: 1 | AF74: 1 | AG74: 1 | AH74: 1 | AI74: 1 | AK74: =IF(($B$74<>2)+($I$74<>2)+($P$74<>2)+($W$74<>2)+($AD$74<>2)=0,2,IF((($B$74<>2)*$B$74+($I$74<>2)*$I$74+($P$74<>2)*$P$74+($W$74<>2)*$W$74+($AD$74<>2)*$AD$74)/(($B$74<>2)+($I$74<>2)+($P$74<>2)+($W$74<>2)+($AD$74<>2))>=0.5,1,0)) | AL74: =IF(($C$74<>2)+($J$74<>2)+($Q$74<>2)+($X$74<>2)+($AE$74<>2)=0,2,IF((($C$74<>2)*$C$74+($J$74<>2)*$J$74+($Q$74<>2)*$Q$74+($X$74<>2)*$X$74+($AE$74<>2)*$AE$74)/(($C$74<>2)+($J$74<>2)+($Q$74<>2)+($X$74<>2)+($AE$74<>2))>=0.5,1,0)) | AM74: =IF(($D$74<>2)+($K$74<>2)+($R$74<>2)+($Y$74<>2)+($AF$74<>2)=0,2,IF((($D$74<>2)*$D$74+($K$74<>2)*$K$74+($R$74<>2)*$R$74+($Y$74<>2)*$Y$74+($AF$74<>2)*$AF$74)/(($D$74<>2)+($K$74<>2)+($R$74<>2)+($Y$74<>2)+($AF$74<>2))>=0.5,1,0)) | AN74: =IF(($E$74<>2)+($L$74<>2)+($S$74<>2)+($Z$74<>2)+($AG$74<>2)=0,2,IF((($E$74<>2)*$E$74+($L$74<>2)*$L$74+($S$74<>2)*$S$74+($Z$74<>2)*$Z$74+($AG$74<>2)*$AG$74)/(($E$74<>2)+($L$74<>2)+($S$74<>2)+($Z$74<>2)+($AG$74<>2))>=0.5,1,0)) | AO74: =IF(($F$74<>2)+($M$74<>2)+($T$74<>2)+($AA$74<>2)+($AH$74<>2)=0,2,IF((($F$74<>2)*$F$74+($M$74<>2)*$M$74+($T$74<>2)*$T$74+($AA$74<>2)*$AA$74+($AH$74<>2)*$AH$74)/(($F$74<>2)+($M$74<>2)+($T$74<>2)+($AA$74<>2)+($AH$74<>2))>=0.5,1,0)) | AP74: =IF(($G$74<>2)+($N$74<>2)+($U$74<>2)+($AB$74<>2)+($AI$74<>2)=0,2,IF((($G$74<>2)*$G$74+($N$74<>2)*$N$74+($U$74<>2)*$U$74+($AB$74<>2)*$AB$74+($AI$74<>2)*$AI$74)/(($G$74<>2)+($N$74<>2)+($U$74<>2)+($AB$74<>2)+($AI$74<>2))>=0.5,1,0)) | AR74: ='Ground truth'!$B$3 | AS74: ='Ground truth'!$C$3 | AT74: ='Ground truth'!$D$3 | AU74: ='Ground truth'!$E$3 | AV74: ='Ground truth'!$F$3 | AW74: ='Ground truth'!$G$3
A75: Guidance, Navigation, and Control (GNC) Subsystem | B75: 1 | C75: 1 | D75: 0 | E75: 1 | F75: 1 | G75: 1 | I75: 1 | J75: 1 | K75: 0 | L75: 1 | M75: 1 | N75: 1 | P75: 1 | Q75: 1 | R75: 0 | S75: 1 | T75: 1 | U75: 1 | W75: 1 | X75: 1 | Y75: 0 | Z75: 1 | AA75: 1 | AB75: 1 | AD75: 1 | AE75: 1 | AF75: 0 | AG75: 0 | AH75: 1 | AI75: 1 | AK75: =IF(($B$75<>2)+($I$75<>2)+($P$75<>2)+($W$75<>2)+($AD$75<>2)=0,2,IF((($B$75<>2)*$B$75+($I$75<>2)*$I$75+($P$75<>2)*$P$75+($W$75<>2)*$W$75+($AD$75<>2)*$AD$75)/(($B$75<>2)+($I$75<>2)+($P$75<>2)+($W$75<>2)+($AD$75<>2))>=0.5,1,0)) | AL75: =IF(($C$75<>2)+($J$75<>2)+($Q$75<>2)+($X$75<>2)+($AE$75<>2)=0,2,IF((($C$75<>2)*$C$75+($J$75<>2)*$J$75+($Q$75<>2)*$Q$75+($X$75<>2)*$X$75+($AE$75<>2)*$AE$75)/(($C$75<>2)+($J$75<>2)+($Q$75<>2)+($X$75<>2)+($AE$75<>2))>=0.5,1,0)) | AM75: =IF(($D$75<>2)+($K$75<>2)+($R$75<>2)+($Y$75<>2)+($AF$75<>2)=0,2,IF((($D$75<>2)*$D$75+($K$75<>2)*$K$75+($R$75<>2)*$R$75+($Y$75<>2)*$Y$75+($AF$75<>2)*$AF$75)/(($D$75<>2)+($K$75<>2)+($R$75<>2)+($Y$75<>2)+($AF$75<>2))>=0.5,1,0)) | AN75: =IF(($E$75<>2)+($L$75<>2)+($S$75<>2)+($Z$75<>2)+($AG$75<>2)=0,2,IF((($E$75<>2)*$E$75+($L$75<>2)*$L$75+($S$75<>2)*$S$75+($Z$75<>2)*$Z$75+($AG$75<>2)*$AG$75)/(($E$75<>2)+($L$75<>2)+($S$75<>2)+($Z$75<>2)+($AG$75<>2))>=0.5,1,0)) | AO75: =IF(($F$75<>2)+($M$75<>2)+($T$75<>2)+($AA$75<>2)+($AH$75<>2)=0,2,IF((($F$75<>2)*$F$75+($M$75<>2)*$M$75+($T$75<>2)*$T$75+($AA$75<>2)*$AA$75+($AH$75<>2)*$AH$75)/(($F$75<>2)+($M$75<>2)+($T$75<>2)+($AA$75<>2)+($AH$75<>2))>=0.5,1,0)) | AP75: =IF(($G$75<>2)+($N$75<>2)+($U$75<>2)+($AB$75<>2)+($AI$75<>2)=0,2,IF((($G$75<>2)*$G$75+($N$75<>2)*$N$75+($U$75<>2)*$U$75+($AB$75<>2)*$AB$75+($AI$75<>2)*$AI$75)/(($G$75<>2)+($N$75<>2)+($U$75<>2)+($AB$75<>2)+($AI$75<>2))>=0.5,1,0)) | AR75: ='Ground truth'!$B$4 | AS75: ='Ground truth'!$C$4 | AT75: ='Ground truth'!$D$4 | AU75: ='Ground truth'!$E$4 | AV75: ='Ground truth'!$F$4 | AW75: ='Ground truth'!$G$4
A76: Propulsion Subsystem | B76: 1 | C76: 0 | D76: 1 | E76: 1 | F76: 0 | G76: 0 | I76: 1 | J76: 0 | K76: 1 | L76: 1 | M76: 0 | N76: 0 | P76: 1 | Q76: 0 | R76: 1 | S76: 1 | T76: 0 | U76: 0 | W76: 1 | X76: 0 | Y76: 1 | Z76: 1 | AA76: 0 | AB76: 0 | AD76: 1 | AE76: 0 | AF76: 1 | AG76: 1 | AH76: 0 | AI76: 0 | AK76: =IF(($B$76<>2)+($I$76<>2)+($P$76<>2)+($W$76<>2)+($AD$76<>2)=0,2,IF((($B$76<>2)*$B$76+($I$76<>2)*$I$76+($P$76<>2)*$P$76+($W$76<>2)*$W$76+($AD$76<>2)*$AD$76)/(($B$76<>2)+($I$76<>2)+($P$76<>2)+($W$76<>2)+($AD$76<>2))>=0.5,1,0)) | AL76: =IF(($C$76<>2)+($J$76<>2)+($Q$76<>2)+($X$76<>2)+($AE$76<>2)=0,2,IF((($C$76<>2)*$C$76+($J$76<>2)*$J$76+($Q$76<>2)*$Q$76+($X$76<>2)*$X$76+($AE$76<>2)*$AE$76)/(($C$76<>2)+($J$76<>2)+($Q$76<>2)+($X$76<>2)+($AE$76<>2))>=0.5,1,0)) | AM76: =IF(($D$76<>2)+($K$76<>2)+($R$76<>2)+($Y$76<>2)+($AF$76<>2)=0,2,IF((($D$76<>2)*$D$76+($K$76<>2)*$K$76+($R$76<>2)*$R$76+($Y$76<>2)*$Y$76+($AF$76<>2)*$AF$76)/(($D$76<>2)+($K$76<>2)+($R$76<>2)+($Y$76<>2)+($AF$76<>2))>=0.5,1,0)) | AN76: =IF(($E$76<>2)+($L$76<>2)+($S$76<>2)+($Z$76<>2)+($AG$76<>2)=0,2,IF((($E$76<>2)*$E$76+($L$76<>2)*$L$76+($S$76<>2)*$S$76+($Z$76<>2)*$Z$76+($AG$76<>2)*$AG$76)/(($E$76<>2)+($L$76<>2)+($S$76<>2)+($Z$76<>2)+($AG$76<>2))>=0.5,1,0)) | AO76: =IF(($F$76<>2)+($M$76<>2)+($T$76<>2)+($AA$76<>2)+($AH$76<>2)=0,2,IF((($F$76<>2)*$F$76+($M$76<>2)*$M$76+($T$76<>2)*$T$76+($AA$76<>2)*$AA$76+($AH$76<>2)*$AH$76)/(($F$76<>2)+($M$76<>2)+($T$76<>2)+($AA$76<>2)+($AH$76<>2))>=0.5,1,0)) | AP76: =IF(($G$76<>2)+($N$76<>2)+($U$76<>2)+($AB$76<>2)+($AI$76<>2)=0,2,IF((($G$76<>2)*$G$76+($N$76<>2)*$N$76+($U$76<>2)*$U$76+($AB$76<>2)*$AB$76+($AI$76<>2)*$AI$76)/(($G$76<>2)+($N$76<>2)+($U$76<>2)+($AB$76<>2)+($AI$76<>2))>=0.5,1,0)) | AR76: ='Ground truth'!$B$5 | AS76: ='Ground truth'!$C$5 | AT76: ='Ground truth'!$D$5 | AU76: ='Ground truth'!$E$5 | AV76: ='Ground truth'!$F$5 | AW76: ='Ground truth'!$G$5
A77: Power Subsystem | B77: 1 | C77: 1 | D77: 1 | E77: 1 | F77: 0 | G77: 0 | I77: 1 | J77: 1 | K77: 1 | L77: 1 | M77: 0 | N77: 0 | P77: 1 | Q77: 1 | R77: 1 | S77: 1 | T77: 0 | U77: 0 | W77: 1 | X77: 1 | Y77: 1 | Z77: 1 | AA77: 0 | AB77: 0 | AD77: 1 | AE77: 0 | AF77: 1 | AG77: 1 | AH77: 0 | AI77: 0 | AK77: =IF(($B$77<>2)+($I$77<>2)+($P$77<>2)+($W$77<>2)+($AD$77<>2)=0,2,IF((($B$77<>2)*$B$77+($I$77<>2)*$I$77+($P$77<>2)*$P$77+($W$77<>2)*$W$77+($AD$77<>2)*$AD$77)/(($B$77<>2)+($I$77<>2)+($P$77<>2)+($W$77<>2)+($AD$77<>2))>=0.5,1,0)) | AL77: =IF(($C$77<>2)+($J$77<>2)+($Q$77<>2)+($X$77<>2)+($AE$77<>2)=0,2,IF((($C$77<>2)*$C$77+($J$77<>2)*$J$77+($Q$77<>2)*$Q$77+($X$77<>2)*$X$77+($AE$77<>2)*$AE$77)/(($C$77<>2)+($J$77<>2)+($Q$77<>2)+($X$77<>2)+($AE$77<>2))>=0.5,1,0)) | AM77: =IF(($D$77<>2)+($K$77<>2)+($R$77<>2)+($Y$77<>2)+($AF$77<>2)=0,2,IF((($D$77<>2)*$D$77+($K$77<>2)*$K$77+($R$77<>2)*$R$77+($Y$77<>2)*$Y$77+($AF$77<>2)*$AF$77)/(($D$77<>2)+($K$77<>2)+($R$77<>2)+($Y$77<>2)+($AF$77<>2))>=0.5,1,0)) | AN77: =IF(($E$77<>2)+($L$77<>2)+($S$77<>2)+($Z$77<>2)+($AG$77<>2)=0,2,IF((($E$77<>2)*$E$77+($L$77<>2)*$L$77+($S$77<>2)*$S$77+($Z$77<>2)*$Z$77+($AG$77<>2)*$AG$77)/(($E$77<>2)+($L$77<>2)+($S$77<>2)+($Z$77<>2)+($AG$77<>2))>=0.5,1,0)) | AO77: =IF(($F$77<>2)+($M$77<>2)+($T$77<>2)+($AA$77<>2)+($AH$77<>2)=0,2,IF((($F$77<>2)*$F$77+($M$77<>2)*$M$77+($T$77<>2)*$T$77+($AA$77<>2)*$AA$77+($AH$77<>2)*$AH$77)/(($F$77<>2)+($M$77<>2)+($T$77<>2)+($AA$77<>2)+($AH$77<>2))>=0.5,1,0)) | AP77: =IF(($G$77<>2)+($N$77<>2)+($U$77<>2)+($AB$77<>2)+($AI$77<>2)=0,2,IF((($G$77<>2)*$G$77+($N$77<>2)*$N$77+($U$77<>2)*$U$77+($AB$77<>2)*$AB$77+($AI$77<>2)*$AI$77)/(($G$77<>2)+($N$77<>2)+($U$77<>2)+($AB$77<>2)+($AI$77<>2))>=0.5,1,0)) | AR77: ='Ground truth'!$B$6 | AS77: ='Ground truth'!$C$6 | AT77: ='Ground truth'!$D$6 | AU77: ='Ground truth'!$E$6 | AV77: ='Ground truth'!$F$6 | AW77: ='Ground truth'!$G$6
A78: Reaction Wheel | B78: 1 | C78: 1 | D78: 0 | E78: 0 | F78: 1 | G78: 1 | I78: 1 | J78: 1 | K78: 0 | L78: 0 | M78: 1 | N78: 1 | P78: 1 | Q78: 1 | R78: 0 | S78: 0 | T78: 1 | U78: 1 | W78: 1 | X78: 1 | Y78: 0 | Z78: 0 | AA78: 1 | AB78: 1 | AD78: 1 | AE78: 1 | AF78: 0 | AG78: 0 | AH78: 1 | AI78: 1 | AK78: =IF(($B$78<>2)+($I$78<>2)+($P$78<>2)+($W$78<>2)+($AD$78<>2)=0,2,IF((($B$78<>2)*$B$78+($I$78<>2)*$I$78+($P$78<>2)*$P$78+($W$78<>2)*$W$78+($AD$78<>2)*$AD$78)/(($B$78<>2)+($I$78<>2)+($P$78<>2)+($W$78<>2)+($AD$78<>2))>=0.5,1,0)) | AL78: =IF(($C$78<>2)+($J$78<>2)+($Q$78<>2)+($X$78<>2)+($AE$78<>2)=0,2,IF((($C$78<>2)*$C$78+($J$78<>2)*$J$78+($Q$78<>2)*$Q$78+($X$78<>2)*$X$78+($AE$78<>2)*$AE$78)/(($C$78<>2)+($J$78<>2)+($Q$78<>2)+($X$78<>2)+($AE$78<>2))>=0.5,1,0)) | AM78: =IF(($D$78<>2)+($K$78<>2)+($R$78<>2)+($Y$78<>2)+($AF$78<>2)=0,2,IF((($D$78<>2)*$D$78+($K$78<>2)*$K$78+($R$78<>2)*$R$78+($Y$78<>2)*$Y$78+($AF$78<>2)*$AF$78)/(($D$78<>2)+($K$78<>2)+($R$78<>2)+($Y$78<>2)+($AF$78<>2))>=0.5,1,0)) | AN78: =IF(($E$78<>2)+($L$78<>2)+($S$78<>2)+($Z$78<>2)+($AG$78<>2)=0,2,IF((($E$78<>2)*$E$78+($L$78<>2)*$L$78+($S$78<>2)*$S$78+($Z$78<>2)*$Z$78+($AG$78<>2)*$AG$78)/(($E$78<>2)+($L$78<>2)+($S$78<>2)+($Z$78<>2)+($AG$78<>2))>=0.5,1,0)) | AO78: =IF(($F$78<>2)+($M$78<>2)+($T$78<>2)+($AA$78<>2)+($AH$78<>2)=0,2,IF((($F$78<>2)*$F$78+($M$78<>2)*$M$78+($T$78<>2)*$T$78+($AA$78<>2)*$AA$78+($AH$78<>2)*$AH$78)/(($F$78<>2)+($M$78<>2)+($T$78<>2)+($AA$78<>2)+($AH$78<>2))>=0.5,1,0)) | AP78: =IF(($G$78<>2)+($N$78<>2)+($U$78<>2)+($AB$78<>2)+($AI$78<>2)=0,2,IF((($G$78<>2)*$G$78+($N$78<>2)*$N$78+($U$78<>2)*$U$78+($AB$78<>2)*$AB$78+($AI$78<>2)*$AI$78)/(($G$78<>2)+($N$78<>2)+($U$78<>2)+($AB$78<>2)+($AI$78<>2))>=0.5,1,0)) | AR78: ='Ground truth'!$B$7 | AS78: ='Ground truth'!$C$7 | AT78: ='Ground truth'!$D$7 | AU78: ='Ground truth'!$E$7 | AV78: ='Ground truth'!$F$7 | AW78: ='Ground truth'!$G$7
A79: GNC Software | B79: 1 | C79: 1 | D79: 0 | E79: 0 | F79: 1 | G79: 1 | I79: 1 | J79: 1 | K79: 0 | L79: 0 | M79: 1 | N79: 1 | P79: 1 | Q79: 1 | R79: 0 | S79: 0 | T79: 1 | U79: 1 | W79: 1 | X79: 1 | Y79: 0 | Z79: 0 | AA79: 1 | AB79: 1 | AD79: 1 | AE79: 1 | AF79: 0 | AG79: 0 | AH79: 1 | AI79: 1 | AK79: =IF(($B$79<>2)+($I$79<>2)+($P$79<>2)+($W$79<>2)+($AD$79<>2)=0,2,IF((($B$79<>2)*$B$79+($I$79<>2)*$I$79+($P$79<>2)*$P$79+($W$79<>2)*$W$79+($AD$79<>2)*$AD$79)/(($B$79<>2)+($I$79<>2)+($P$79<>2)+($W$79<>2)+($AD$79<>2))>=0.5,1,0)) | AL79: =IF(($C$79<>2)+($J$79<>2)+($Q$79<>2)+($X$79<>2)+($AE$79<>2)=0,2,IF((($C$79<>2)*$C$79+($J$79<>2)*$J$79+($Q$79<>2)*$Q$79+($X$79<>2)*$X$79+($AE$79<>2)*$AE$79)/(($C$79<>2)+($J$79<>2)+($Q$79<>2)+($X$79<>2)+($AE$79<>2))>=0.5,1,0)) | AM79: =IF(($D$79<>2)+($K$79<>2)+($R$79<>2)+($Y$79<>2)+($AF$79<>2)=0,2,IF((($D$79<>2)*$D$79+($K$79<>2)*$K$79+($R$79<>2)*$R$79+($Y$79<>2)*$Y$79+($AF$79<>2)*$AF$79)/(($D$79<>2)+($K$79<>2)+($R$79<>2)+($Y$79<>2)+($AF$79<>2))>=0.5,1,0)) | AN79: =IF(($E$79<>2)+($L$79<>2)+($S$79<>2)+($Z$79<>2)+($AG$79<>2)=0,2,IF((($E$79<>2)*$E$79+($L$79<>2)*$L$79+($S$79<>2)*$S$79+($Z$79<>2)*$Z$79+($AG$79<>2)*$AG$79)/(($E$79<>2)+($L$79<>2)+($S$79<>2)+($Z$79<>2)+($AG$79<>2))>=0.5,1,0)) | AO79: =IF(($F$79<>2)+($M$79<>2)+($T$79<>2)+($AA$79<>2)+($AH$79<>2)=0,2,IF((($F$79<>2)*$F$79+($M$79<>2)*$M$79+($T$79<>2)*$T$79+($AA$79<>2)*$AA$79+($AH$79<>2)*$AH$79)/(($F$79<>2)+($M$79<>2)+($T$79<>2)+($AA$79<>2)+($AH$79<>2))>=0.5,1,0)) | AP79: =IF(($G$79<>2)+($N$79<>2)+($U$79<>2)+($AB$79<>2)+($AI$79<>2)=0,2,IF((($G$79<>2)*$G$79+($N$79<>2)*$N$79+($U$79<>2)*$U$79+($AB$79<>2)*$AB$79+($AI$79<>2)*$AI$79)/(($G$79<>2)+($N$79<>2)+($U$79<>2)+($AB$79<>2)+($AI$79<>2))>=0.5,1,0)) | AR79: ='Ground truth'!$B$8 | AS79: ='Ground truth'!$C$8 | AT79: ='Ground truth'!$D$8 | AU79: ='Ground truth'!$E$8 | AV79: ='Ground truth'!$F$8 | AW79: ='Ground truth'!$G$8
A81: metrics — confident-only (unsure excluded from denominators) | B81: run 1 | C81: run 2 | D81: run 3 | E81: run 4 | F81: run 5 | G81: avg-matrix | H81: mean | I81: std (pop.) | J81: notes
A82: TP | B82: =SUMPRODUCT(($B$74:$G$79=1)*('Ground truth'!$B$3:$G$8=1)) | C82: =SUMPRODUCT(($I$74:$N$79=1)*('Ground truth'!$B$3:$G$8=1)) | D82: =SUMPRODUCT(($P$74:$U$79=1)*('Ground truth'!$B$3:$G$8=1)) | E82: =SUMPRODUCT(($W$74:$AB$79=1)*('Ground truth'!$B$3:$G$8=1)) | F82: =SUMPRODUCT(($AD$74:$AI$79=1)*('Ground truth'!$B$3:$G$8=1)) | G82: =SUMPRODUCT(($AK$74:$AP$79=1)*('Ground truth'!$B$3:$G$8=1)) | H82: =AVERAGE($B$82:$F$82) | I82: =STDEV.P($B$82:$F$82)
A83: TN | B83: =SUMPRODUCT(($B$74:$G$79=0)*('Ground truth'!$B$3:$G$8=0)) | C83: =SUMPRODUCT(($I$74:$N$79=0)*('Ground truth'!$B$3:$G$8=0)) | D83: =SUMPRODUCT(($P$74:$U$79=0)*('Ground truth'!$B$3:$G$8=0)) | E83: =SUMPRODUCT(($W$74:$AB$79=0)*('Ground truth'!$B$3:$G$8=0)) | F83: =SUMPRODUCT(($AD$74:$AI$79=0)*('Ground truth'!$B$3:$G$8=0)) | G83: =SUMPRODUCT(($AK$74:$AP$79=0)*('Ground truth'!$B$3:$G$8=0)) | H83: =AVERAGE($B$83:$F$83) | I83: =STDEV.P($B$83:$F$83)
A84: FP | B84: =SUMPRODUCT(($B$74:$G$79=1)*('Ground truth'!$B$3:$G$8=0)) | C84: =SUMPRODUCT(($I$74:$N$79=1)*('Ground truth'!$B$3:$G$8=0)) | D84: =SUMPRODUCT(($P$74:$U$79=1)*('Ground truth'!$B$3:$G$8=0)) | E84: =SUMPRODUCT(($W$74:$AB$79=1)*('Ground truth'!$B$3:$G$8=0)) | F84: =SUMPRODUCT(($AD$74:$AI$79=1)*('Ground truth'!$B$3:$G$8=0)) | G84: =SUMPRODUCT(($AK$74:$AP$79=1)*('Ground truth'!$B$3:$G$8=0)) | H84: =AVERAGE($B$84:$F$84) | I84: =STDEV.P($B$84:$F$84)
A85: FN | B85: =SUMPRODUCT(($B$74:$G$79=0)*('Ground truth'!$B$3:$G$8=1)) | C85: =SUMPRODUCT(($I$74:$N$79=0)*('Ground truth'!$B$3:$G$8=1)) | D85: =SUMPRODUCT(($P$74:$U$79=0)*('Ground truth'!$B$3:$G$8=1)) | E85: =SUMPRODUCT(($W$74:$AB$79=0)*('Ground truth'!$B$3:$G$8=1)) | F85: =SUMPRODUCT(($AD$74:$AI$79=0)*('Ground truth'!$B$3:$G$8=1)) | G85: =SUMPRODUCT(($AK$74:$AP$79=0)*('Ground truth'!$B$3:$G$8=1)) | H85: =AVERAGE($B$85:$F$85) | I85: =STDEV.P($B$85:$F$85)
A86: Precision | B86: =IFERROR($B$82/($B$82+$B$84),0) | C86: =IFERROR($C$82/($C$82+$C$84),0) | D86: =IFERROR($D$82/($D$82+$D$84),0) | E86: =IFERROR($E$82/($E$82+$E$84),0) | F86: =IFERROR($F$82/($F$82+$F$84),0) | G86: =IFERROR($G$82/($G$82+$G$84),0) | H86: =AVERAGE($B$86:$F$86) | I86: =STDEV.P($B$86:$F$86)
A87: Recall | B87: =IFERROR($B$82/($B$82+$B$85),0) | C87: =IFERROR($C$82/($C$82+$C$85),0) | D87: =IFERROR($D$82/($D$82+$D$85),0) | E87: =IFERROR($E$82/($E$82+$E$85),0) | F87: =IFERROR($F$82/($F$82+$F$85),0) | G87: =IFERROR($G$82/($G$82+$G$85),0) | H87: =AVERAGE($B$87:$F$87) | I87: =STDEV.P($B$87:$F$87)
A88: F1 | B88: =IFERROR(2*$B$86*$B$87/($B$86+$B$87),0) | C88: =IFERROR(2*$C$86*$C$87/($C$86+$C$87),0) | D88: =IFERROR(2*$D$86*$D$87/($D$86+$D$87),0) | E88: =IFERROR(2*$E$86*$E$87/($E$86+$E$87),0) | F88: =IFERROR(2*$F$86*$F$87/($F$86+$F$87),0) | G88: =IFERROR(2*$G$86*$G$87/($G$86+$G$87),0) | H88: =AVERAGE($B$88:$F$88) | I88: =STDEV.P($B$88:$F$88)
A89: Accuracy | B89: =IFERROR(($B$82+$B$83)/($B$82+$B$83+$B$84+$B$85),0) | C89: =IFERROR(($C$82+$C$83)/($C$82+$C$83+$C$84+$C$85),0) | D89: =IFERROR(($D$82+$D$83)/($D$82+$D$83+$D$84+$D$85),0) | E89: =IFERROR(($E$82+$E$83)/($E$82+$E$83+$E$84+$E$85),0) | F89: =IFERROR(($F$82+$F$83)/($F$82+$F$83+$F$84+$F$85),0) | G89: =IFERROR(($G$82+$G$83)/($G$82+$G$83+$G$84+$G$85),0) | H89: =AVERAGE($B$89:$F$89) | I89: =STDEV.P($B$89:$F$89)
A90: Edit distance | B90: =SUMPRODUCT(ABS('Ground truth'!$B$3:$G$8-$B$74:$G$79)) | C90: =SUMPRODUCT(ABS('Ground truth'!$B$3:$G$8-$I$74:$N$79)) | D90: =SUMPRODUCT(ABS('Ground truth'!$B$3:$G$8-$P$74:$U$79)) | E90: =SUMPRODUCT(ABS('Ground truth'!$B$3:$G$8-$W$74:$AB$79)) | F90: =SUMPRODUCT(ABS('Ground truth'!$B$3:$G$8-$AD$74:$AI$79)) | G90: =SUMPRODUCT(ABS('Ground truth'!$B$3:$G$8-$AK$74:$AP$79)) | H90: =AVERAGE($B$90:$F$90) | I90: =STDEV.P($B$90:$F$90)
A91: Spectral distance | B91: =SQRT(SUMPRODUCT(('Ground truth'!$J$3:$J$8-$B$101:$B$106)^2)) | C91: =SQRT(SUMPRODUCT(('Ground truth'!$J$3:$J$8-$C$101:$C$106)^2)) | D91: =SQRT(SUMPRODUCT(('Ground truth'!$J$3:$J$8-$D$101:$D$106)^2)) | E91: =SQRT(SUMPRODUCT(('Ground truth'!$J$3:$J$8-$E$101:$E$106)^2)) | F91: =SQRT(SUMPRODUCT(('Ground truth'!$J$3:$J$8-$F$101:$F$106)^2)) | G91: =SQRT(SUMPRODUCT(('Ground truth'!$J$3:$J$8-$G$101:$G$106)^2)) | H91: =AVERAGE($B$91:$F$91) | I91: =STDEV.P($B$91:$F$91)
A92: Unsure cells | B92: =COUNTIF($B$74:$G$79,2) | C92: =COUNTIF($I$74:$N$79,2) | D92: =COUNTIF($P$74:$U$79,2) | E92: =COUNTIF($W$74:$AB$79,2) | F92: =COUNTIF($AD$74:$AI$79,2) | G92: =COUNTIF($AK$74:$AP$79,2) | H92: =AVERAGE($B$92:$F$92) | I92: =STDEV.P($B$92:$F$92)
A93: eigenvalues (real part, numpy order; pasted)
A94: λ1 | B94: 4.5344185 | C94: 4.5344185 | D94: 4.5344185 | E94: 4.5344185 | F94: -0.60167913 | G94: 4.5344185
A95: λ2 | B95: 2.0827483 | C95: 2.0827483 | D95: 2.0827483 | E95: 2.0827483 | F95: 4.2618022 | G95: 2.0827483
A96: λ3 | B96: 0.5928546 | C96: 0.5928546 | D96: 0.5928546 | E96: 0.5928546 | F96: 2.3398769 | G96: 0.5928546
A97: λ4 | B97: -0.51105279 | C97: -0.51105279 | D97: -0.51105279 | E97: -0.51105279 | F97: 9.2444637e-33 | G97: -0.51105279
A98: λ5 | B98: -0.69896858 | C98: -0.69896858 | D98: -0.69896858 | E98: -0.69896858 | F98: -3.9431209e-17 | G98: -0.69896858
A99: λ6 | B99: 0 | C99: 0 | D99: 0 | E99: 0 | F99: 2.1382118e-50 | G99: 0
A100: eigenvalues sorted desc (LARGE)
A101: λ(1) | B101: =LARGE($B$94:$B$99,1) | C101: =LARGE($C$94:$C$99,1) | D101: =LARGE($D$94:$D$99,1) | E101: =LARGE($E$94:$E$99,1) | F101: =LARGE($F$94:$F$99,1) | G101: =LARGE($G$94:$G$99,1)
A102: λ(2) | B102: =LARGE($B$94:$B$99,2) | C102: =LARGE($C$94:$C$99,2) | D102: =LARGE($D$94:$D$99,2) | E102: =LARGE($E$94:$E$99,2) | F102: =LARGE($F$94:$F$99,2) | G102: =LARGE($G$94:$G$99,2)
A103: λ(3) | B103: =LARGE($B$94:$B$99,3) | C103: =LARGE($C$94:$C$99,3) | D103: =LARGE($D$94:$D$99,3) | E103: =LARGE($E$94:$E$99,3) | F103: =LARGE($F$94:$F$99,3) | G103: =LARGE($G$94:$G$99,3)
A104: λ(4) | B104: =LARGE($B$94:$B$99,4) | C104: =LARGE($C$94:$C$99,4) | D104: =LARGE($D$94:$D$99,4) | E104: =LARGE($E$94:$E$99,4) | F104: =LARGE($F$94:$F$99,4) | G104: =LARGE($G$94:$G$99,4)
A105: λ(5) | B105: =LARGE($B$94:$B$99,5) | C105: =LARGE($C$94:$C$99,5) | D105: =LARGE($D$94:$D$99,5) | E105: =LARGE($E$94:$E$99,5) | F105: =LARGE($F$94:$F$99,5) | G105: =LARGE($G$94:$G$99,5)
A106: λ(6) | B106: =LARGE($B$94:$B$99,6) | C106: =LARGE($C$94:$C$99,6) | D106: =LARGE($D$94:$D$99,6) | E106: =LARGE($E$94:$E$99,6) | F106: =LARGE($F$94:$F$99,6) | G106: =LARGE($G$94:$G$99,6)
A107: check: Σeig − trace (→0) | B107: =ROUND(SUM($B$94:$B$99)-($B$74+$C$75+$D$76+$E$77+$F$78+$G$79),6) | C107: =ROUND(SUM($C$94:$C$99)-($I$74+$J$75+$K$76+$L$77+$M$78+$N$79),6) | D107: =ROUND(SUM($D$94:$D$99)-($P$74+$Q$75+$R$76+$S$77+$T$78+$U$79),6) | E107: =ROUND(SUM($E$94:$E$99)-($W$74+$X$75+$Y$76+$Z$77+$AA$78+$AB$79),6) | F107: =ROUND(SUM($F$94:$F$99)-($AD$74+$AE$75+$AF$76+$AG$77+$AH$78+$AI$79),6) | G107: =ROUND(SUM($G$94:$G$99)-($AK$74+$AL$75+$AM$76+$AN$77+$AO$78+$AP$79),6)
...

Sheet PS-i
A1: PS-i — metrics as spreadsheet formulas over the pasted run matrices (raw matrices)
A2: Rows 6–55: summary (all formulas referencing the blocks below). Rows 59–68: gold/silver ranking. Blocks from row 72: pasted run matrices, then every metric as a formula.
A5: Configuration | B5: Model | C5: n_runs | D5: unsure cells | E5: unsure % | F5: coverage | G5: Precision mean | H5: Precision std | I5: Precision avg-matrix | J5: Recall mean | K5: Recall std | L5: Recall avg-matrix | M5: F1 mean | N5: F1 std | O5: F1 avg-matrix | P5: Accuracy mean | Q5: Accuracy std | R5: Accuracy avg-matrix | S5: Edit distance mean | T5: Edit distance std | U5: Edit distance avg-matrix | V5: Spectral distance mean | W5: Spectral distance std | X5: Spectral distance avg-matrix | Y5: note | Z5: block row
A6: LLM | B6: gpt4-turbo-preview | C6: =COUNT($B$83,$C$83,$D$83,$E$83,$F$83) | D6: =SUM($B$93:$F$93) | E6: =IFERROR(100*$D$6/($C$6*49),0) | F6: =IFERROR(1-$D$6/($C$6*49),0) | G6: =$H$87 | H6: =$I$87 | I6: =$G$87 | J6: =$H$88 | K6: =$I$88 | L6: =$G$88 | M6: =$H$89 | N6: =$I$89 | O6: =$G$89 | P6: =$H$90 | Q6: =$I$90 | R6: =$G$90 | S6: =$H$91 | T6: =$I$91 | U6: =$G$91 | V6: =$H$92 | W6: =$I$92 | X6: =$G$92 | Z6: 72
A7: LLM | B7: gpt4o | C7: =COUNT($B$135,$C$135,$D$135,$E$135,$F$135) | D7: =SUM($B$145:$F$145) | E7: =IFERROR(100*$D$7/($C$7*49),0) | F7: =IFERROR(1-$D$7/($C$7*49),0) | G7: =$H$139 | H7: =$I$139 | I7: =$G$139 | J7: =$H$140 | K7: =$I$140 | L7: =$G$140 | M7: =$H$141 | N7: =$I$141 | O7: =$G$141 | P7: =$H$142 | Q7: =$I$142 | R7: =$G$142 | S7: =$H$143 | T7: =$I$143 | U7: =$G$143 | V7: =$H$144 | W7: =$I$144 | X7: =$G$144 | Z7: 124
A8: LLM | B8: mixtral:8x22b | C8: =COUNT($B$187,$C$187,$D$187,$E$187,$F$187) | D8: =SUM($B$197:$F$197) | E8: =IFERROR(100*$D$8/($C$8*49),0) | F8: =IFERROR(1-$D$8/($C$8*49),0) | G8: =$H$191 | H8: =$I$191 | I8: =$G$191 | J8: =$H$192 | K8: =$I$192 | L8: =$G$192 | M8: =$H$193 | N8: =$I$193 | O8: =$G$193 | P8: =$H$194 | Q8: =$I$194 | R8: =$G$194 | S8: =$H$195 | T8: =$I$195 | U8: =$G$195 | V8: =$H$196 | W8: =$I$196 | X8: =$G$196 | Z8: 176
A9: LLM | B9: llama3.3:70b | C9: =COUNT($B$239,$C$239,$D$239,$E$239,$F$239) | D9: =SUM($B$249:$F$249) | E9: =IFERROR(100*$D$9/($C$9*49),0) | F9: =IFERROR(1-$D$9/($C$9*49),0) | G9: =$H$243 | H9: =$I$243 | I9: =$G$243 | J9: =$H$244 | K9: =$I$244 | L9: =$G$244 | M9: =$H$245 | N9: =$I$245 | O9: =$G$245 | P9: =$H$246 | Q9: =$I$246 | R9: =$G$246 | S9: =$H$247 | T9: =$I$247 | U9: =$G$247 | V9: =$H$248 | W9: =$I$248 | X9: =$G$248 | Z9: 228
A10: LLM | B10: deepseek-r1:14b | C10: =COUNT($B$291,$C$291,$D$291,$E$291,$F$291) | D10: =SUM($B$301:$F$301) | E10: =IFERROR(100*$D$10/($C$10*49),0) | F10: =IFERROR(1-$D$10/($C$10*49),0) | G10: =$H$295 | H10: =$I$295 | I10: =$G$295 | J10: =$H$296 | K10: =$I$296 | L10: =$G$296 | M10: =$H$297 | N10: =$I$297 | O10: =$G$297 | P10: =$H$298 | Q10: =$I$298 | R10: =$G$298 | S10: =$H$299 | T10: =$I$299 | U10: =$G$299 | V10: =$H$300 | W10: =$I$300 | X10: =$G$300 | Z10: 280
A11: RAG R1 | B11: gpt4-turbo-preview | C11: =COUNT($B$343,$C$343,$D$343,$E$343,$F$343) | D11: =SUM($B$353:$F$353) | E11: =IFERROR(100*$D$11/($C$11*49),0) | F11: =IFERROR(1-$D$11/($C$11*49),0) | G11: =$H$347 | H11: =$I$347 | I11: =$G$347 | J11: =$H$348 | K11: =$I$348 | L11: =$G$348 | M11: =$H$349 | N11: =$I$349 | O11: =$G$349 | P11: =$H$350 | Q11: =$I$350 | R11: =$G$350 | S11: =$H$351 | T11: =$I$351 | U11: =$G$351 | V11: =$H$352 | W11: =$I$352 | X11: =$G$352 | Z11: 332
A12: RAG R1 | B12: gpt4o | C12: 0 | G12: N/A | H12: N/A | I12: N/A | J12: N/A | K12: N/A | L12: N/A | M12: N/A | N12: N/A | O12: N/A | P12: N/A | Q12: N/A | R12: N/A | S12: N/A | T12: N/A | U12: N/A | V12: N/A | W12: N/A | X12: N/A | Y12: N/A
A13: RAG R1 | B13: mixtral:8x22b | C13: =COUNT($B$395,$C$395,$D$395,$E$395,$F$395) | D13: =SUM($B$405:$F$405) | E13: =IFERROR(100*$D$13/($C$13*49),0) | F13: =IFERROR(1-$D$13/($C$13*49),0) | G13: =$H$399 | H13: =$I$399 | I13: =$G$399 | J13: =$H$400 | K13: =$I$400 | L13: =$G$400 | M13: =$H$401 | N13: =$I$401 | O13: =$G$401 | P13: =$H$402 | Q13: =$I$402 | R13: =$G$402 | S13: =$H$403 | T13: =$I$403 | U13: =$G$403 | V13: =$H$404 | W13: =$I$404 | X13: =$G$404 | Z13: 384
A14: RAG R1 | B14: llama3.3:70b | C14: =COUNT($B$447,$C$447,$D$447,$E$447,$F$447) | D14: =SUM($B$457:$F$457) | E14: =IFERROR(100*$D$14/($C$14*49),0) | F14: =IFERROR(1-$D$14/($C$14*49),0) | G14: =$H$451 | H14: =$I$451 | I14: =$G$451 | J14: =$H$452 | K14: =$I$452 | L14: =$G$452 | M14: =$H$453 | N14: =$I$453 | O14: =$G$453 | P14: =$H$454 | Q14: =$I$454 | R14: =$G$454 | S14: =$H$455 | T14: =$I$455 | U14: =$G$455 | V14: =$H$456 | W14: =$I$456 | X14: =$G$456 | Z14: 436
A15: RAG R1 | B15: deepseek-r1:14b | C15: =COUNT($B$499,$C$499,$D$499,$E$499,$F$499) | D15: =SUM($B$509:$F$509) | E15: =IFERROR(100*$D$15/($C$15*49),0) | F15: =IFERROR(1-$D$15/($C$15*49),0) | G15: =$H$503 | H15: =$I$503 | I15: =$G$503 | J15: =$H$504 | K15: =$I$504 | L15: =$G$504 | M15: =$H$505 | N15: =$I$505 | O15: =$G$505 | P15: =$H$506 | Q15: =$I$506 | R15: =$G$506 | S15: =$H$507 | T15: =$I$507 | U15: =$G$507 | V15: =$H$508 | W15: =$I$508 | X15: =$G$508 | Z15: 488
A16: RAG R2 | B16: gpt4-turbo-preview | C16: =COUNT($B$551,$C$551,$D$551,$E$551,$F$551) | D16: =SUM($B$561:$F$561) | E16: =IFERROR(100*$D$16/($C$16*49),0) | F16: =IFERROR(1-$D$16/($C$16*49),0) | G16: =$H$555 | H16: =$I$555 | I16: =$G$555 | J16: =$H$556 | K16: =$I$556 | L16: =$G$556 | M16: =$H$557 | N16: =$I$557 | O16: =$G$557 | P16: =$H$558 | Q16: =$I$558 | R16: =$G$558 | S16: =$H$559 | T16: =$I$559 | U16: =$G$559 | V16: =$H$560 | W16: =$I$560 | X16: =$G$560 | Z16: 540
A17: RAG R2 | B17: gpt4o | C17: 0 | G17: N/A | H17: N/A | I17: N/A | J17: N/A | K17: N/A | L17: N/A | M17: N/A | N17: N/A | O17: N/A | P17: N/A | Q17: N/A | R17: N/A | S17: N/A | T17: N/A | U17: N/A | V17: N/A | W17: N/A | X17: N/A | Y17: N/A
A18: RAG R2 | B18: mixtral:8x22b | C18: =COUNT($B$603,$C$603,$D$603,$E$603,$F$603) | D18: =SUM($B$613:$F$613) | E18: =IFERROR(100*$D$18/($C$18*49),0) | F18: =IFERROR(1-$D$18/($C$18*49),0) | G18: =$H$607 | H18: =$I$607 | I18: =$G$607 | J18: =$H$608 | K18: =$I$608 | L18: =$G$608 | M18: =$H$609 | N18: =$I$609 | O18: =$G$609 | P18: =$H$610 | Q18: =$I$610 | R18: =$G$610 | S18: =$H$611 | T18: =$I$611 | U18: =$G$611 | V18: =$H$612 | W18: =$I$612 | X18: =$G$612 | Z18: 592
A19: RAG R2 | B19: llama3.3:70b | C19: =COUNT($B$655,$C$655,$D$655,$E$655,$F$655) | D19: =SUM($B$665:$F$665) | E19: =IFERROR(100*$D$19/($C$19*49),0) | F19: =IFERROR(1-$D$19/($C$19*49),0) | G19: =$H$659 | H19: =$I$659 | I19: =$G$659 | J19: =$H$660 | K19: =$I$660 | L19: =$G$660 | M19: =$H$661 | N19: =$I$661 | O19: =$G$661 | P19: =$H$662 | Q19: =$I$662 | R19: =$G$662 | S19: =$H$663 | T19: =$I$663 | U19: =$G$663 | V19: =$H$664 | W19: =$I$664 | X19: =$G$664 | Z19: 644
A20: RAG R2 | B20: deepseek-r1:14b | C20: =COUNT($B$707,$C$707,$D$707,$E$707,$F$707) | D20: =SUM($B$717:$F$717) | E20: =IFERROR(100*$D$20/($C$20*49),0) | F20: =IFERROR(1-$D$20/($C$20*49),0) | G20: =$H$711 | H20: =$I$711 | I20: =$G$711 | J20: =$H$712 | K20: =$I$712 | L20: =$G$712 | M20: =$H$713 | N20: =$I$713 | O20: =$G$713 | P20: =$H$714 | Q20: =$I$714 | R20: =$G$714 | S20: =$H$715 | T20: =$I$715 | U20: =$G$715 | V20: =$H$716 | W20: =$I$716 | X20: =$G$716 | Z20: 696
A21: RAG R3 | B21: gpt4-turbo-preview | C21: =COUNT($B$759,$C$759,$D$759,$E$759,$F$759) | D21: =SUM($B$769:$F$769) | E21: =IFERROR(100*$D$21/($C$21*49),0) | F21: =IFERROR(1-$D$21/($C$21*49),0) | G21: =$H$763 | H21: =$I$763 | I21: =$G$763 | J21: =$H$764 | K21: =$I$764 | L21: =$G$764 | M21: =$H$765 | N21: =$I$765 | O21: =$G$765 | P21: =$H$766 | Q21: =$I$766 | R21: =$G$766 | S21: =$H$767 | T21: =$I$767 | U21: =$G$767 | V21: =$H$768 | W21: =$I$768 | X21: =$G$768 | Z21: 748
A22: RAG R3 | B22: gpt4o | C22: 0 | G22: N/A | H22: N/A | I22: N/A | J22: N/A | K22: N/A | L22: N/A | M22: N/A | N22: N/A | O22: N/A | P22: N/A | Q22: N/A | R22: N/A | S22: N/A | T22: N/A | U22: N/A | V22: N/A | W22: N/A | X22: N/A | Y22: N/A
A23: RAG R3 | B23: mixtral:8x22b | C23: =COUNT($B$811,$C$811,$D$811,$E$811,$F$811) | D23: =SUM($B$821:$F$821) | E23: =IFERROR(100*$D$23/($C$23*49),0) | F23: =IFERROR(1-$D$23/($C$23*49),0) | G23: =$H$815 | H23: =$I$815 | I23: =$G$815 | J23: =$H$816 | K23: =$I$816 | L23: =$G$816 | M23: =$H$817 | N23: =$I$817 | O23: =$G$817 | P23: =$H$818 | Q23: =$I$818 | R23: =$G$818 | S23: =$H$819 | T23: =$I$819 | U23: =$G$819 | V23: =$H$820 | W23: =$I$820 | X23: =$G$820 | Z23: 800
A24: RAG R3 | B24: llama3.3:70b | C24: =COUNT($B$863,$C$863,$D$863,$E$863,$F$863) | D24: =SUM($B$873:$F$873) | E24: =IFERROR(100*$D$24/($C$24*49),0) | F24: =IFERROR(1-$D$24/($C$24*49),0) | G24: =$H$867 | H24: =$I$867 | I24: =$G$867 | J24: =$H$868 | K24: =$I$868 | L24: =$G$868 | M24: =$H$869 | N24: =$I$869 | O24: =$G$869 | P24: =$H$870 | Q24: =$I$870 | R24: =$G$870 | S24: =$H$871 | T24: =$I$871 | U24: =$G$871 | V24: =$H$872 | W24: =$I$872 | X24: =$G$872 | Z24: 852
A25: RAG R3 | B25: deepseek-r1:14b | C25: =COUNT($B$915,$C$915,$D$915,$E$915,$F$915) | D25: =SUM($B$925:$F$925) | E25: =IFERROR(100*$D$25/($C$25*49),0) | F25: =IFERROR(1-$D$25/($C$25*49),0) | G25: =$H$919 | H25: =$I$919 | I25: =$G$919 | J25: =$H$920 | K25: =$I$920 | L25: =$G$920 | M25: =$H$921 | N25: =$I$921 | O25: =$G$921 | P25: =$H$922 | Q25: =$I$922 | R25: =$G$922 | S25: =$H$923 | T25: =$I$923 | U25: =$G$923 | V25: =$H$924 | W25: =$I$924 | X25: =$G$924 | Z25: 904
A26: RAG R1-R2 | B26: gpt4-turbo-preview | C26: =COUNT($B$967,$C$967,$D$967,$E$967,$F$967) | D26: =SUM($B$977:$F$977) | E26: =IFERROR(100*$D$26/($C$26*49),0) | F26: =IFERROR(1-$D$26/($C$26*49),0) | G26: =$H$971 | H26: =$I$971 | I26: =$G$971 | J26: =$H$972 | K26: =$I$972 | L26: =$G$972 | M26: =$H$973 | N26: =$I$973 | O26: =$G$973 | P26: =$H$974 | Q26: =$I$974 | R26: =$G$974 | S26: =$H$975 | T26: =$I$975 | U26: =$G$975 | V26: =$H$976 | W26: =$I$976 | X26: =$G$976 | Z26: 956
A27: RAG R1-R2 | B27: gpt4o | C27: 0 | G27: N/A | H27: N/A | I27: N/A | J27: N/A | K27: N/A | L27: N/A | M27: N/A | N27: N/A | O27: N/A | P27: N/A | Q27: N/A | R27: N/A | S27: N/A | T27: N/A | U27: N/A | V27: N/A | W27: N/A | X27: N/A | Y27: N/A
A28: RAG R1-R2 | B28: mixtral:8x22b | C28: =COUNT($B$1019,$C$1019,$D$1019,$E$1019,$F$1019) | D28: =SUM($B$1029:$F$1029) | E28: =IFERROR(100*$D$28/($C$28*49),0) | F28: =IFERROR(1-$D$28/($C$28*49),0) | G28: =$H$1023 | H28: =$I$1023 | I28: =$G$1023 | J28: =$H$1024 | K28: =$I$1024 | L28: =$G$1024 | M28: =$H$1025 | N28: =$I$1025 | O28: =$G$1025 | P28: =$H$1026 | Q28: =$I$1026 | R28: =$G$1026 | S28: =$H$1027 | T28: =$I$1027 | U28: =$G$1027 | V28: =$H$1028 | W28: =$I$1028 | X28: =$G$1028 | Z28: 1008
A29: RAG R1-R2 | B29: llama3.3:70b | C29: =COUNT($B$1071,$C$1071,$D$1071,$E$1071,$F$1071) | D29: =SUM($B$1081:$F$1081) | E29: =IFERROR(100*$D$29/($C$29*49),0) | F29: =IFERROR(1-$D$29/($C$29*49),0) | G29: =$H$1075 | H29: =$I$1075 | I29: =$G$1075 | J29: =$H$1076 | K29: =$I$1076 | L29: =$G$1076 | M29: =$H$1077 | N29: =$I$1077 | O29: =$G$1077 | P29: =$H$1078 | Q29: =$I$1078 | R29: =$G$1078 | S29: =$H$1079 | T29: =$I$1079 | U29: =$G$1079 | V29: =$H$1080 | W29: =$I$1080 | X29: =$G$1080 | Z29: 1060
A30: RAG R1-R2 | B30: deepseek-r1:14b | C30: =COUNT($B$1123,$C$1123,$D$1123,$E$1123,$F$1123) | D30: =SUM($B$1133:$F$1133) | E30: =IFERROR(100*$D$30/($C$30*49),0) | F30: =IFERROR(1-$D$30/($C$30*49),0) | G30: =$H$1127 | H30: =$I$1127 | I30: =$G$1127 | J30: =$H$1128 | K30: =$I$1128 | L30: =$G$1128 | M30: =$H$1129 | N30: =$I$1129 | O30: =$G$1129 | P30: =$H$1130 | Q30: =$I$1130 | R30: =$G$1130 | S30: =$H$1131 | T30: =$I$1131 | U30: =$G$1131 | V30: =$H$1132 | W30: =$I$1132 | X30: =$G$1132 | Z30: 1112
A31: RAG R1-R3 | B31: gpt4-turbo-preview | C31: =COUNT($B$1175,$C$1175,$D$1175,$E$1175,$F$1175) | D31: =SUM($B$1185:$F$1185) | E31: =IFERROR(100*$D$31/($C$31*49),0) | F31: =IFERROR(1-$D$31/($C$31*49),0) | G31: =$H$1179 | H31: =$I$1179 | I31: =$G$1179 | J31: =$H$1180 | K31: =$I$1180 | L31: =$G$1180 | M31: =$H$1181 | N31: =$I$1181 | O31: =$G$1181 | P31: =$H$1182 | Q31: =$I$1182 | R31: =$G$1182 | S31: =$H$1183 | T31: =$I$1183 | U31: =$G$1183 | V31: =$H$1184 | W31: =$I$1184 | X31: =$G$1184 | Z31: 1164
A32: RAG R1-R3 | B32: gpt4o | C32: 0 | G32: N/A | H32: N/A | I32: N/A | J32: N/A | K32: N/A | L32: N/A | M32: N/A | N32: N/A | O32: N/A | P32: N/A | Q32: N/A | R32: N/A | S32: N/A | T32: N/A | U32: N/A | V32: N/A | W32: N/A | X32: N/A | Y32: N/A
A33: RAG R1-R3 | B33: mixtral:8x22b | C33: =COUNT($B$1227,$C$1227,$D$1227,$E$1227,$F$1227) | D33: =SUM($B$1237:$F$1237) | E33: =IFERROR(100*$D$33/($C$33*49),0) | F33: =IFERROR(1-$D$33/($C$33*49),0) | G33: =$H$1231 | H33: =$I$1231 | I33: =$G$1231 | J33: =$H$1232 | K33: =$I$1232 | L33: =$G$1232 | M33: =$H$1233 | N33: =$I$1233 | O33: =$G$1233 | P33: =$H$1234 | Q33: =$I$1234 | R33: =$G$1234 | S33: =$H$1235 | T33: =$I$1235 | U33: =$G$1235 | V33: =$H$1236 | W33: =$I$1236 | X33: =$G$1236 | Z33: 1216
A34: RAG R1-R3 | B34: llama3.3:70b | C34: =COUNT($B$1279,$C$1279,$D$1279,$E$1279,$F$1279) | D34: =SUM($B$1289:$F$1289) | E34: =IFERROR(100*$D$34/($C$34*49),0) | F34: =IFERROR(1-$D$34/($C$34*49),0) | G34: =$H$1283 | H34: =$I$1283 | I34: =$G$1283 | J34: =$H$1284 | K34: =$I$1284 | L34: =$G$1284 | M34: =$H$1285 | N34: =$I$1285 | O34: =$G$1285 | P34: =$H$1286 | Q34: =$I$1286 | R34: =$G$1286 | S34: =$H$1287 | T34: =$I$1287 | U34: =$G$1287 | V34: =$H$1288 | W34: =$I$1288 | X34: =$G$1288 | Z34: 1268
A35: RAG R1-R3 | B35: deepseek-r1:14b | C35: =COUNT($B$1331,$C$1331,$D$1331,$E$1331,$F$1331) | D35: =SUM($B$1341:$F$1341) | E35: =IFERROR(100*$D$35/($C$35*49),0) | F35: =IFERROR(1-$D$35/($C$35*49),0) | G35: =$H$1335 | H35: =$I$1335 | I35: =$G$1335 | J35: =$H$1336 | K35: =$I$1336 | L35: =$G$1336 | M35: =$H$1337 | N35: =$I$1337 | O35: =$G$1337 | P35: =$H$1338 | Q35: =$I$1338 | R35: =$G$1338 | S35: =$H$1339 | T35: =$I$1339 | U35: =$G$1339 | V35: =$H$1340 | W35: =$I$1340 | X35: =$G$1340 | Z35: 1320
A36: RAG R2-R3 | B36: gpt4-turbo-preview | C36: =COUNT($B$1383,$C$1383,$D$1383,$E$1383,$F$1383) | D36: =SUM($B$1393:$F$1393) | E36: =IFERROR(100*$D$36/($C$36*49),0) | F36: =IFERROR(1-$D$36/($C$36*49),0) | G36: =$H$1387 | H36: =$I$1387 | I36: =$G$1387 | J36: =$H$1388 | K36: =$I$1388 | L36: =$G$1388 | M36: =$H$1389 | N36: =$I$1389 | O36: =$G$1389 | P36: =$H$1390 | Q36: =$I$1390 | R36: =$G$1390 | S36: =$H$1391 | T36: =$I$1391 | U36: =$G$1391 | V36: =$H$1392 | W36: =$I$1392 | X36: =$G$1392 | Z36: 1372
A37: RAG R2-R3 | B37: gpt4o | C37: 0 | G37: N/A | H37: N/A | I37: N/A | J37: N/A | K37: N/A | L37: N/A | M37: N/A | N37: N/A | O37: N/A | P37: N/A | Q37: N/A | R37: N/A | S37: N/A | T37: N/A | U37: N/A | V37: N/A | W37: N/A | X37: N/A | Y37: N/A
A38: RAG R2-R3 | B38: mixtral:8x22b | C38: =COUNT($B$1435,$C$1435,$D$1435,$E$1435,$F$1435) | D38: =SUM($B$1445:$F$1445) | E38: =IFERROR(100*$D$38/($C$38*49),0) | F38: =IFERROR(1-$D$38/($C$38*49),0) | G38: =$H$1439 | H38: =$I$1439 | I38: =$G$1439 | J38: =$H$1440 | K38: =$I$1440 | L38: =$G$1440 | M38: =$H$1441 | N38: =$I$1441 | O38: =$G$1441 | P38: =$H$1442 | Q38: =$I$1442 | R38: =$G$1442 | S38: =$H$1443 | T38: =$I$1443 | U38: =$G$1443 | V38: =$H$1444 | W38: =$I$1444 | X38: =$G$1444 | Z38: 1424
A39: RAG R2-R3 | B39: llama3.3:70b | C39: =COUNT($B$1487,$C$1487,$D$1487,$E$1487,$F$1487) | D39: =SUM($B$1497:$F$1497) | E39: =IFERROR(100*$D$39/($C$39*49),0) | F39: =IFERROR(1-$D$39/($C$39*49),0) | G39: =$H$1491 | H39: =$I$1491 | I39: =$G$1491 | J39: =$H$1492 | K39: =$I$1492 | L39: =$G$1492 | M39: =$H$1493 | N39: =$I$1493 | O39: =$G$1493 | P39: =$H$1494 | Q39: =$I$1494 | R39: =$G$1494 | S39: =$H$1495 | T39: =$I$1495 | U39: =$G$1495 | V39: =$H$1496 | W39: =$I$1496 | X39: =$G$1496 | Z39: 1476
A40: RAG R2-R3 | B40: deepseek-r1:14b | C40: =COUNT($B$1539,$C$1539,$D$1539,$E$1539,$F$1539) | D40: =SUM($B$1549:$F$1549) | E40: =IFERROR(100*$D$40/($C$40*49),0) | F40: =IFERROR(1-$D$40/($C$40*49),0) | G40: =$H$1543 | H40: =$I$1543 | I40: =$G$1543 | J40: =$H$1544 | K40: =$I$1544 | L40: =$G$1544 | M40: =$H$1545 | N40: =$I$1545 | O40: =$G$1545 | P40: =$H$1546 | Q40: =$I$1546 | R40: =$G$1546 | S40: =$H$1547 | T40: =$I$1547 | U40: =$G$1547 | V40: =$H$1548 | W40: =$I$1548 | X40: =$G$1548 | Z40: 1528
A41: RAG R1-R2-R3 | B41: gpt4-turbo-preview | C41: =COUNT($B$1591,$C$1591,$D$1591,$E$1591,$F$1591) | D41: =SUM($B$1601:$F$1601) | E41: =IFERROR(100*$D$41/($C$41*49),0) | F41: =IFERROR(1-$D$41/($C$41*49),0) | G41: =$H$1595 | H41: =$I$1595 | I41: =$G$1595 | J41: =$H$1596 | K41: =$I$1596 | L41: =$G$1596 | M41: =$H$1597 | N41: =$I$1597 | O41: =$G$1597 | P41: =$H$1598 | Q41: =$I$1598 | R41: =$G$1598 | S41: =$H$1599 | T41: =$I$1599 | U41: =$G$1599 | V41: =$H$1600 | W41: =$I$1600 | X41: =$G$1600 | Z41: 1580
A42: RAG R1-R2-R3 | B42: gpt4o | C42: 0 | G42: N/A | H42: N/A | I42: N/A | J42: N/A | K42: N/A | L42: N/A | M42: N/A | N42: N/A | O42: N/A | P42: N/A | Q42: N/A | R42: N/A | S42: N/A | T42: N/A | U42: N/A | V42: N/A | W42: N/A | X42: N/A | Y42: N/A
A43: RAG R1-R2-R3 | B43: mixtral:8x22b | C43: =COUNT($B$1643,$C$1643,$D$1643,$E$1643,$F$1643) | D43: =SUM($B$1653:$F$1653) | E43: =IFERROR(100*$D$43/($C$43*49),0) | F43: =IFERROR(1-$D$43/($C$43*49),0) | G43: =$H$1647 | H43: =$I$1647 | I43: =$G$1647 | J43: =$H$1648 | K43: =$I$1648 | L43: =$G$1648 | M43: =$H$1649 | N43: =$I$1649 | O43: =$G$1649 | P43: =$H$1650 | Q43: =$I$1650 | R43: =$G$1650 | S43: =$H$1651 | T43: =$I$1651 | U43: =$G$1651 | V43: =$H$1652 | W43: =$I$1652 | X43: =$G$1652 | Z43: 1632
A44: RAG R1-R2-R3 | B44: llama3.3:70b | C44: =COUNT($B$1695,$C$1695,$D$1695,$E$1695,$F$1695) | D44: =SUM($B$1705:$F$1705) | E44: =IFERROR(100*$D$44/($C$44*49),0) | F44: =IFERROR(1-$D$44/($C$44*49),0) | G44: =$H$1699 | H44: =$I$1699 | I44: =$G$1699 | J44: =$H$1700 | K44: =$I$1700 | L44: =$G$1700 | M44: =$H$1701 | N44: =$I$1701 | O44: =$G$1701 | P44: =$H$1702 | Q44: =$I$1702 | R44: =$G$1702 | S44: =$H$1703 | T44: =$I$1703 | U44: =$G$1703 | V44: =$H$1704 | W44: =$I$1704 | X44: =$G$1704 | Z44: 1684
A45: RAG R1-R2-R3 | B45: deepseek-r1:14b | C45: =COUNT($B$1747,$C$1747,$D$1747,$E$1747,$F$1747) | D45: =SUM($B$1757:$F$1757) | E45: =IFERROR(100*$D$45/($C$45*49),0) | F45: =IFERROR(1-$D$45/($C$45*49),0) | G45: =$H$1751 | H45: =$I$1751 | I45: =$G$1751 | J45: =$H$1752 | K45: =$I$1752 | L45: =$G$1752 | M45: =$H$1753 | N45: =$I$1753 | O45: =$G$1753 | P45: =$H$1754 | Q45: =$I$1754 | R45: =$G$1754 | S45: =$H$1755 | T45: =$I$1755 | U45: =$G$1755 | V45: =$H$1756 | W45: =$I$1756 | X45: =$G$1756 | Z45: 1736
A46: GraphRAG R1-R2 | B46: gpt4-turbo-preview | C46: =COUNT($B$1799,$C$1799,$D$1799,$E$1799,$F$1799) | D46: =SUM($B$1809:$F$1809) | E46: =IFERROR(100*$D$46/($C$46*49),0) | F46: =IFERROR(1-$D$46/($C$46*49),0) | G46: =$H$1803 | H46: =$I$1803 | I46: =$G$1803 | J46: =$H$1804 | K46: =$I$1804 | L46: =$G$1804 | M46: =$H$1805 | N46: =$I$1805 | O46: =$G$1805 | P46: =$H$1806 | Q46: =$I$1806 | R46: =$G$1806 | S46: =$H$1807 | T46: =$I$1807 | U46: =$G$1807 | V46: =$H$1808 | W46: =$I$1808 | X46: =$G$1808 | Z46: 1788
A47: GraphRAG R1-R2 | B47: gpt4o | C47: 0 | G47: N/A | H47: N/A | I47: N/A | J47: N/A | K47: N/A | L47: N/A | M47: N/A | N47: N/A | O47: N/A | P47: N/A | Q47: N/A | R47: N/A | S47: N/A | T47: N/A | U47: N/A | V47: N/A | W47: N/A | X47: N/A | Y47: N/A
A48: GraphRAG R1-R2 | B48: mixtral:8x22b | C48: =COUNT($B$1851,$C$1851,$D$1851,$E$1851,$F$1851) | D48: =SUM($B$1861:$F$1861) | E48: =IFERROR(100*$D$48/($C$48*49),0) | F48: =IFERROR(1-$D$48/($C$48*49),0) | G48: =$H$1855 | H48: =$I$1855 | I48: =$G$1855 | J48: =$H$1856 | K48: =$I$1856 | L48: =$G$1856 | M48: =$H$1857 | N48: =$I$1857 | O48: =$G$1857 | P48: =$H$1858 | Q48: =$I$1858 | R48: =$G$1858 | S48: =$H$1859 | T48: =$I$1859 | U48: =$G$1859 | V48: =$H$1860 | W48: =$I$1860 | X48: =$G$1860 | Z48: 1840
A49: GraphRAG R1-R2 | B49: llama3.3:70b | C49: =COUNT($B$1903,$C$1903,$D$1903,$E$1903,$F$1903) | D49: =SUM($B$1913:$F$1913) | E49: =IFERROR(100*$D$49/($C$49*49),0) | F49: =IFERROR(1-$D$49/($C$49*49),0) | G49: =$H$1907 | H49: =$I$1907 | I49: =$G$1907 | J49: =$H$1908 | K49: =$I$1908 | L49: =$G$1908 | M49: =$H$1909 | N49: =$I$1909 | O49: =$G$1909 | P49: =$H$1910 | Q49: =$I$1910 | R49: =$G$1910 | S49: =$H$1911 | T49: =$I$1911 | U49: =$G$1911 | V49: =$H$1912 | W49: =$I$1912 | X49: =$G$1912 | Z49: 1892
A50: GraphRAG R1-R2 | B50: deepseek-r1:14b | C50: =COUNT($B$1955,$C$1955,$D$1955,$E$1955,$F$1955) | D50: =SUM($B$1965:$F$1965) | E50: =IFERROR(100*$D$50/($C$50*49),0) | F50: =IFERROR(1-$D$50/($C$50*49),0) | G50: =$H$1959 | H50: =$I$1959 | I50: =$G$1959 | J50: =$H$1960 | K50: =$I$1960 | L50: =$G$1960 | M50: =$H$1961 | N50: =$I$1961 | O50: =$G$1961 | P50: =$H$1962 | Q50: =$I$1962 | R50: =$G$1962 | S50: =$H$1963 | T50: =$I$1963 | U50: =$G$1963 | V50: =$H$1964 | W50: =$I$1964 | X50: =$G$1964 | Z50: 1944
A51: GraphRAG R2-R3 | B51: gpt4-turbo-preview | C51: =COUNT($B$2007,$C$2007,$D$2007,$E$2007,$F$2007) | D51: =SUM($B$2017:$F$2017) | E51: =IFERROR(100*$D$51/($C$51*49),0) | F51: =IFERROR(1-$D$51/($C$51*49),0) | G51: =$H$2011 | H51: =$I$2011 | I51: =$G$2011 | J51: =$H$2012 | K51: =$I$2012 | L51: =$G$2012 | M51: =$H$2013 | N51: =$I$2013 | O51: =$G$2013 | P51: =$H$2014 | Q51: =$I$2014 | R51: =$G$2014 | S51: =$H$2015 | T51: =$I$2015 | U51: =$G$2015 | V51: =$H$2016 | W51: =$I$2016 | X51: =$G$2016 | Z51: 1996
A52: GraphRAG R2-R3 | B52: gpt4o | C52: 0 | G52: N/A | H52: N/A | I52: N/A | J52: N/A | K52: N/A | L52: N/A | M52: N/A | N52: N/A | O52: N/A | P52: N/A | Q52: N/A | R52: N/A | S52: N/A | T52: N/A | U52: N/A | V52: N/A | W52: N/A | X52: N/A | Y52: N/A
A53: GraphRAG R2-R3 | B53: mixtral:8x22b | C53: =COUNT($B$2059,$C$2059,$D$2059,$E$2059,$F$2059) | D53: =SUM($B$2069:$F$2069) | E53: =IFERROR(100*$D$53/($C$53*49),0) | F53: =IFERROR(1-$D$53/($C$53*49),0) | G53: =$H$2063 | H53: =$I$2063 | I53: =$G$2063 | J53: =$H$2064 | K53: =$I$2064 | L53: =$G$2064 | M53: =$H$2065 | N53: =$I$2065 | O53: =$G$2065 | P53: =$H$2066 | Q53: =$I$2066 | R53: =$G$2066 | S53: =$H$2067 | T53: =$I$2067 | U53: =$G$2067 | V53: =$H$2068 | W53: =$I$2068 | X53: =$G$2068 | Z53: 2048
A54: GraphRAG R2-R3 | B54: llama3.3:70b | C54: =COUNT($B$2111,$C$2111,$D$2111,$E$2111,$F$2111) | D54: =SUM($B$2121:$F$2121) | E54: =IFERROR(100*$D$54/($C$54*49),0) | F54: =IFERROR(1-$D$54/($C$54*49),0) | G54: =$H$2115 | H54: =$I$2115 | I54: =$G$2115 | J54: =$H$2116 | K54: =$I$2116 | L54: =$G$2116 | M54: =$H$2117 | N54: =$I$2117 | O54: =$G$2117 | P54: =$H$2118 | Q54: =$I$2118 | R54: =$G$2118 | S54: =$H$2119 | T54: =$I$2119 | U54: =$G$2119 | V54: =$H$2120 | W54: =$I$2120 | X54: =$G$2120 | Z54: 2100
A55: GraphRAG R2-R3 | B55: deepseek-r1:14b | C55: 0 | G55: N/A | H55: N/A | I55: N/A | J55: N/A | K55: N/A | L55: N/A | M55: N/A | N55: N/A | O55: N/A | P55: N/A | Q55: N/A | R55: N/A | S55: N/A | T55: N/A | U55: N/A | V55: N/A | W55: N/A | X55: N/A | Y55: N/A
A58: Configuration | B58: gold per-run | C58: silver per-run | D58: gold avg-matrix | E58: silver avg-matrix
A59: LLM | B59: =IFERROR(INDEX($B$6:$B$10,MATCH(LARGE($P$6:$P$10,1),$P$6:$P$10,0)),"") | C59: =IFERROR(INDEX($B$6:$B$10,MATCH(LARGE($P$6:$P$10,2),$P$6:$P$10,0)),"") | D59: =IFERROR(INDEX($B$6:$B$10,MATCH(LARGE($R$6:$R$10,1),$R$6:$R$10,0)),"") | E59: =IFERROR(INDEX($B$6:$B$10,MATCH(LARGE($R$6:$R$10,2),$R$6:$R$10,0)),"")
A60: RAG R1 | B60: =IFERROR(INDEX($B$11:$B$15,MATCH(LARGE($P$11:$P$15,1),$P$11:$P$15,0)),"") | C60: =IFERROR(INDEX($B$11:$B$15,MATCH(LARGE($P$11:$P$15,2),$P$11:$P$15,0)),"") | D60: =IFERROR(INDEX($B$11:$B$15,MATCH(LARGE($R$11:$R$15,1),$R$11:$R$15,0)),"") | E60: =IFERROR(INDEX($B$11:$B$15,MATCH(LARGE($R$11:$R$15,2),$R$11:$R$15,0)),"")
A61: RAG R2 | B61: =IFERROR(INDEX($B$16:$B$20,MATCH(LARGE($P$16:$P$20,1),$P$16:$P$20,0)),"") | C61: =IFERROR(INDEX($B$16:$B$20,MATCH(LARGE($P$16:$P$20,2),$P$16:$P$20,0)),"") | D61: =IFERROR(INDEX($B$16:$B$20,MATCH(LARGE($R$16:$R$20,1),$R$16:$R$20,0)),"") | E61: =IFERROR(INDEX($B$16:$B$20,MATCH(LARGE($R$16:$R$20,2),$R$16:$R$20,0)),"")
A62: RAG R3 | B62: =IFERROR(INDEX($B$21:$B$25,MATCH(LARGE($P$21:$P$25,1),$P$21:$P$25,0)),"") | C62: =IFERROR(INDEX($B$21:$B$25,MATCH(LARGE($P$21:$P$25,2),$P$21:$P$25,0)),"") | D62: =IFERROR(INDEX($B$21:$B$25,MATCH(LARGE($R$21:$R$25,1),$R$21:$R$25,0)),"") | E62: =IFERROR(INDEX($B$21:$B$25,MATCH(LARGE($R$21:$R$25,2),$R$21:$R$25,0)),"")
A63: RAG R1-R2 | B63: =IFERROR(INDEX($B$26:$B$30,MATCH(LARGE($P$26:$P$30,1),$P$26:$P$30,0)),"") | C63: =IFERROR(INDEX($B$26:$B$30,MATCH(LARGE($P$26:$P$30,2),$P$26:$P$30,0)),"") | D63: =IFERROR(INDEX($B$26:$B$30,MATCH(LARGE($R$26:$R$30,1),$R$26:$R$30,0)),"") | E63: =IFERROR(INDEX($B$26:$B$30,MATCH(LARGE($R$26:$R$30,2),$R$26:$R$30,0)),"")
A64: RAG R1-R3 | B64: =IFERROR(INDEX($B$31:$B$35,MATCH(LARGE($P$31:$P$35,1),$P$31:$P$35,0)),"") | C64: =IFERROR(INDEX($B$31:$B$35,MATCH(LARGE($P$31:$P$35,2),$P$31:$P$35,0)),"") | D64: =IFERROR(INDEX($B$31:$B$35,MATCH(LARGE($R$31:$R$35,1),$R$31:$R$35,0)),"") | E64: =IFERROR(INDEX($B$31:$B$35,MATCH(LARGE($R$31:$R$35,2),$R$31:$R$35,0)),"")
A65: RAG R2-R3 | B65: =IFERROR(INDEX($B$36:$B$40,MATCH(LARGE($P$36:$P$40,1),$P$36:$P$40,0)),"") | C65: =IFERROR(INDEX($B$36:$B$40,MATCH(LARGE($P$36:$P$40,2),$P$36:$P$40,0)),"") | D65: =IFERROR(INDEX($B$36:$B$40,MATCH(LARGE($R$36:$R$40,1),$R$36:$R$40,0)),"") | E65: =IFERROR(INDEX($B$36:$B$40,MATCH(LARGE($R$36:$R$40,2),$R$36:$R$40,0)),"")
A66: RAG R1-R2-R3 | B66: =IFERROR(INDEX($B$41:$B$45,MATCH(LARGE($P$41:$P$45,1),$P$41:$P$45,0)),"") | C66: =IFERROR(INDEX($B$41:$B$45,MATCH(LARGE($P$41:$P$45,2),$P$41:$P$45,0)),"") | D66: =IFERROR(INDEX($B$41:$B$45,MATCH(LARGE($R$41:$R$45,1),$R$41:$R$45,0)),"") | E66: =IFERROR(INDEX($B$41:$B$45,MATCH(LARGE($R$41:$R$45,2),$R$41:$R$45,0)),"")
A67: GraphRAG R1-R2 | B67: =IFERROR(INDEX($B$46:$B$50,MATCH(LARGE($P$46:$P$50,1),$P$46:$P$50,0)),"") | C67: =IFERROR(INDEX($B$46:$B$50,MATCH(LARGE($P$46:$P$50,2),$P$46:$P$50,0)),"") | D67: =IFERROR(INDEX($B$46:$B$50,MATCH(LARGE($R$46:$R$50,1),$R$46:$R$50,0)),"") | E67: =IFERROR(INDEX($B$46:$B$50,MATCH(LARGE($R$46:$R$50,2),$R$46:$R$50,0)),"")
A68: GraphRAG R2-R3 | B68: =IFERROR(INDEX($B$51:$B$55,MATCH(LARGE($P$51:$P$55,1),$P$51:$P$55,0)),"") | C68: =IFERROR(INDEX($B$51:$B$55,MATCH(LARGE($P$51:$P$55,2),$P$51:$P$55,0)),"") | D68: =IFERROR(INDEX($B$51:$B$55,MATCH(LARGE($R$51:$R$55,1),$R$51:$R$55,0)),"") | E68: =IFERROR(INDEX($B$51:$B$55,MATCH(LARGE($R$51:$R$55,2),$R$51:$R$55,0)),"")
A70: Ties: Excel's MATCH returns the first model in column order; a tie for gold or silver therefore shows one model only.
A72: LLM | gpt4-turbo-preview | B72: run 1 (raw, pasted) | J72: run 2 (raw, pasted) | R72: run 3 (raw, pasted) | Z72: run 4 (raw, pasted) | AH72: run 5 (raw, pasted) | AP72: Step2 average matrix (formula) | AX72: ground truth (reference)
B73: Bit | C73: Transmission | D73: Motor | E73: Electrical System | F73: Battery Holder | G73: Housing | H73: External Environment | J73: Bit | K73: Transmission | L73: Motor | M73: Electrical System | N73: Battery Holder | O73: Housing | P73: External Environment | R73: Bit | S73: Transmission | T73: Motor | U73: Electrical System | V73: Battery Holder | W73: Housing | X73: External Environment | Z73: Bit | AA73: Transmission | AB73: Motor | AC73: Electrical System | AD73: Battery Holder | AE73: Housing | AF73: External Environment | AH73: Bit | AI73: Transmission | AJ73: Motor | AK73: Electrical System | AL73: Battery Holder | AM73: Housing | AN73: External Environment | AP73: Bit | AQ73: Transmission | AR73: Motor | AS73: Electrical System | AT73: Battery Holder | AU73: Housing | AV73: External Environment
A74: Bit | B74: 1 | C74: 1 | D74: 0 | E74: 0 | F74: 0 | G74: 1 | H74: 0 | J74: 1 | K74: 1 | L74: 0 | M74: 0 | N74: 0 | O74: 1 | P74: 1 | R74: 1 | S74: 1 | T74: 0 | U74: 0 | V74: 0 | W74: 1 | X74: 0 | Z74: 1 | AA74: 1 | AB74: 0 | AC74: 0 | AD74: 0 | AE74: 1 | AF74: 0 | AH74: 1 | AI74: 1 | AJ74: 0 | AK74: 0 | AL74: 0 | AM74: 0 | AN74: 0 | AP74: =IF(($B$74<>2)+($J$74<>2)+($R$74<>2)+($Z$74<>2)+($AH$74<>2)=0,2,IF((($B$74<>2)*$B$74+($J$74<>2)*$J$74+($R$74<>2)*$R$74+($Z$74<>2)*$Z$74+($AH$74<>2)*$AH$74)/(($B$74<>2)+($J$74<>2)+($R$74<>2)+($Z$74<>2)+($AH$74<>2))>=0.5,1,0)) | AQ74: =IF(($C$74<>2)+($K$74<>2)+($S$74<>2)+($AA$74<>2)+($AI$74<>2)=0,2,IF((($C$74<>2)*$C$74+($K$74<>2)*$K$74+($S$74<>2)*$S$74+($AA$74<>2)*$AA$74+($AI$74<>2)*$AI$74)/(($C$74<>2)+($K$74<>2)+($S$74<>2)+($AA$74<>2)+($AI$74<>2))>=0.5,1,0)) | AR74: =IF(($D$74<>2)+($L$74<>2)+($T$74<>2)+($AB$74<>2)+($AJ$74<>2)=0,2,IF((($D$74<>2)*$D$74+($L$74<>2)*$L$74+($T$74<>2)*$T$74+($AB$74<>2)*$AB$74+($AJ$74<>2)*$AJ$74)/(($D$74<>2)+($L$74<>2)+($T$74<>2)+($AB$74<>2)+($AJ$74<>2))>=0.5,1,0)) | AS74: =IF(($E$74<>2)+($M$74<>2)+($U$74<>2)+($AC$74<>2)+($AK$74<>2)=0,2,IF((($E$74<>2)*$E$74+($M$74<>2)*$M$74+($U$74<>2)*$U$74+($AC$74<>2)*$AC$74+($AK$74<>2)*$AK$74)/(($E$74<>2)+($M$74<>2)+($U$74<>2)+($AC$74<>2)+($AK$74<>2))>=0.5,1,0)) | AT74: =IF(($F$74<>2)+($N$74<>2)+($V$74<>2)+($AD$74<>2)+($AL$74<>2)=0,2,IF((($F$74<>2)*$F$74+($N$74<>2)*$N$74+($V$74<>2)*$V$74+($AD$74<>2)*$AD$74+($AL$74<>2)*$AL$74)/(($F$74<>2)+($N$74<>2)+($V$74<>2)+($AD$74<>2)+($AL$74<>2))>=0.5,1,0)) | AU74: =IF(($G$74<>2)+($O$74<>2)+($W$74<>2)+($AE$74<>2)+($AM$74<>2)=0,2,IF((($G$74<>2)*$G$74+($O$74<>2)*$O$74+($W$74<>2)*$W$74+($AE$74<>2)*$AE$74+($AM$74<>2)*$AM$74)/(($G$74<>2)+($O$74<>2)+($W$74<>2)+($AE$74<>2)+($AM$74<>2))>=0.5,1,0)) | AV74: =IF(($H$74<>2)+($P$74<>2)+($X$74<>2)+($AF$74<>2)+($AN$74<>2)=0,2,IF((($H$74<>2)*$H$74+($P$74<>2)*$P$74+($X$74<>2)*$X$74+($AF$74<>2)*$AF$74+($AN$74<>2)*$AN$74)/(($H$74<>2)+($P$74<>2)+($X$74<>2)+($AF$74<>2)+($AN$74<>2))>=0.5,1,0)) | AX74: ='Ground truth'!$B$14 | AY74: ='Ground truth'!$C$14 | AZ74: ='Ground truth'!$D$14 | BA74: ='Ground truth'!$E$14 | BB74: ='Ground truth'!$F$14 | BC74: ='Ground truth'!$G$14 | BD74: ='Ground truth'!$H$14
A75: Transmission | B75: 1 | C75: 1 | D75: 1 | E75: 1 | F75: 0 | G75: 1 | H75: 0 | J75: 1 | K75: 1 | L75: 1 | M75: 1 | N75: 0 | O75: 1 | P75: 0 | R75: 1 | S75: 1 | T75: 1 | U75: 1 | V75: 0 | W75: 1 | X75: 0 | Z75: 1 | AA75: 1 | AB75: 1 | AC75: 1 | AD75: 0 | AE75: 1 | AF75: 0 | AH75: 1 | AI75: 1 | AJ75: 1 | AK75: 1 | AL75: 0 | AM75: 1 | AN75: 0 | AP75: =IF(($B$75<>2)+($J$75<>2)+($R$75<>2)+($Z$75<>2)+($AH$75<>2)=0,2,IF((($B$75<>2)*$B$75+($J$75<>2)*$J$75+($R$75<>2)*$R$75+($Z$75<>2)*$Z$75+($AH$75<>2)*$AH$75)/(($B$75<>2)+($J$75<>2)+($R$75<>2)+($Z$75<>2)+($AH$75<>2))>=0.5,1,0)) | AQ75: =IF(($C$75<>2)+($K$75<>2)+($S$75<>2)+($AA$75<>2)+($AI$75<>2)=0,2,IF((($C$75<>2)*$C$75+($K$75<>2)*$K$75+($S$75<>2)*$S$75+($AA$75<>2)*$AA$75+($AI$75<>2)*$AI$75)/(($C$75<>2)+($K$75<>2)+($S$75<>2)+($AA$75<>2)+($AI$75<>2))>=0.5,1,0)) | AR75: =IF(($D$75<>2)+($L$75<>2)+($T$75<>2)+($AB$75<>2)+($AJ$75<>2)=0,2,IF((($D$75<>2)*$D$75+($L$75<>2)*$L$75+($T$75<>2)*$T$75+($AB$75<>2)*$AB$75+($AJ$75<>2)*$AJ$75)/(($D$75<>2)+($L$75<>2)+($T$75<>2)+($AB$75<>2)+($AJ$75<>2))>=0.5,1,0)) | AS75: =IF(($E$75<>2)+($M$75<>2)+($U$75<>2)+($AC$75<>2)+($AK$75<>2)=0,2,IF((($E$75<>2)*$E$75+($M$75<>2)*$M$75+($U$75<>2)*$U$75+($AC$75<>2)*$AC$75+($AK$75<>2)*$AK$75)/(($E$75<>2)+($M$75<>2)+($U$75<>2)+($AC$75<>2)+($AK$75<>2))>=0.5,1,0)) | AT75: =IF(($F$75<>2)+($N$75<>2)+($V$75<>2)+($AD$75<>2)+($AL$75<>2)=0,2,IF((($F$75<>2)*$F$75+($N$75<>2)*$N$75+($V$75<>2)*$V$75+($AD$75<>2)*$AD$75+($AL$75<>2)*$AL$75)/(($F$75<>2)+($N$75<>2)+($V$75<>2)+($AD$75<>2)+($AL$75<>2))>=0.5,1,0)) | AU75: =IF(($G$75<>2)+($O$75<>2)+($W$75<>2)+($AE$75<>2)+($AM$75<>2)=0,2,IF((($G$75<>2)*$G$75+($O$75<>2)*$O$75+($W$75<>2)*$W$75+($AE$75<>2)*$AE$75+($AM$75<>2)*$AM$75)/(($G$75<>2)+($O$75<>2)+($W$75<>2)+($AE$75<>2)+($AM$75<>2))>=0.5,1,0)) | AV75: =IF(($H$75<>2)+($P$75<>2)+($X$75<>2)+($AF$75<>2)+($AN$75<>2)=0,2,IF((($H$75<>2)*$H$75+($P$75<>2)*$P$75+($X$75<>2)*$X$75+($AF$75<>2)*$AF$75+($AN$75<>2)*$AN$75)/(($H$75<>2)+($P$75<>2)+($X$75<>2)+($AF$75<>2)+($AN$75<>2))>=0.5,1,0)) | AX75: ='Ground truth'!$B$15 | AY75: ='Ground truth'!$C$15 | AZ75: ='Ground truth'!$D$15 | BA75: ='Ground truth'!$E$15 | BB75: ='Ground truth'!$F$15 | BC75: ='Ground truth'!$G$15 | BD75: ='Ground truth'!$H$15
A76: Motor | B76: 0 | C76: 1 | D76: 1 | E76: 1 | F76: 0 | G76: 1 | H76: 0 | J76: 0 | K76: 1 | L76: 1 | M76: 1 | N76: 0 | O76: 1 | P76: 0 | R76: 0 | S76: 1 | T76: 1 | U76: 1 | V76: 0 | W76: 1 | X76: 0 | Z76: 0 | AA76: 1 | AB76: 1 | AC76: 1 | AD76: 0 | AE76: 1 | AF76: 0 | AH76: 0 | AI76: 1 | AJ76: 1 | AK76: 1 | AL76: 0 | AM76: 1 | AN76: 0 | AP76: =IF(($B$76<>2)+($J$76<>2)+($R$76<>2)+($Z$76<>2)+($AH$76<>2)=0,2,IF((($B$76<>2)*$B$76+($J$76<>2)*$J$76+($R$76<>2)*$R$76+($Z$76<>2)*$Z$76+($AH$76<>2)*$AH$76)/(($B$76<>2)+($J$76<>2)+($R$76<>2)+($Z$76<>2)+($AH$76<>2))>=0.5,1,0)) | AQ76: =IF(($C$76<>2)+($K$76<>2)+($S$76<>2)+($AA$76<>2)+($AI$76<>2)=0,2,IF((($C$76<>2)*$C$76+($K$76<>2)*$K$76+($S$76<>2)*$S$76+($AA$76<>2)*$AA$76+($AI$76<>2)*$AI$76)/(($C$76<>2)+($K$76<>2)+($S$76<>2)+($AA$76<>2)+($AI$76<>2))>=0.5,1,0)) | AR76: =IF(($D$76<>2)+($L$76<>2)+($T$76<>2)+($AB$76<>2)+($AJ$76<>2)=0,2,IF((($D$76<>2)*$D$76+($L$76<>2)*$L$76+($T$76<>2)*$T$76+($AB$76<>2)*$AB$76+($AJ$76<>2)*$AJ$76)/(($D$76<>2)+($L$76<>2)+($T$76<>2)+($AB$76<>2)+($AJ$76<>2))>=0.5,1,0)) | AS76: =IF(($E$76<>2)+($M$76<>2)+($U$76<>2)+($AC$76<>2)+($AK$76<>2)=0,2,IF((($E$76<>2)*$E$76+($M$76<>2)*$M$76+($U$76<>2)*$U$76+($AC$76<>2)*$AC$76+($AK$76<>2)*$AK$76)/(($E$76<>2)+($M$76<>2)+($U$76<>2)+($AC$76<>2)+($AK$76<>2))>=0.5,1,0)) | AT76: =IF(($F$76<>2)+($N$76<>2)+($V$76<>2)+($AD$76<>2)+($AL$76<>2)=0,2,IF((($F$76<>2)*$F$76+($N$76<>2)*$N$76+($V$76<>2)*$V$76+($AD$76<>2)*$AD$76+($AL$76<>2)*$AL$76)/(($F$76<>2)+($N$76<>2)+($V$76<>2)+($AD$76<>2)+($AL$76<>2))>=0.5,1,0)) | AU76: =IF(($G$76<>2)+($O$76<>2)+($W$76<>2)+($AE$76<>2)+($AM$76<>2)=0,2,IF((($G$76<>2)*$G$76+($O$76<>2)*$O$76+($W$76<>2)*$W$76+($AE$76<>2)*$AE$76+($AM$76<>2)*$AM$76)/(($G$76<>2)+($O$76<>2)+($W$76<>2)+($AE$76<>2)+($AM$76<>2))>=0.5,1,0)) | AV76: =IF(($H$76<>2)+($P$76<>2)+($X$76<>2)+($AF$76<>2)+($AN$76<>2)=0,2,IF((($H$76<>2)*$H$76+($P$76<>2)*$P$76+($X$76<>2)*$X$76+($AF$76<>2)*$AF$76+($AN$76<>2)*$AN$76)/(($H$76<>2)+($P$76<>2)+($X$76<>2)+($AF$76<>2)+($AN$76<>2))>=0.5,1,0)) | AX76: ='Ground truth'!$B$16 | AY76: ='Ground truth'!$C$16 | AZ76: ='Ground truth'!$D$16 | BA76: ='Ground truth'!$E$16 | BB76: ='Ground truth'!$F$16 | BC76: ='Ground truth'!$G$16 | BD76: ='Ground truth'!$H$16
A77: Electrical System | B77: 0 | C77: 1 | D77: 1 | E77: 1 | F77: 1 | G77: 1 | H77: 0 | J77: 0 | K77: 1 | L77: 1 | M77: 1 | N77: 1 | O77: 1 | P77: 0 | R77: 0 | S77: 1 | T77: 1 | U77: 1 | V77: 1 | W77: 1 | X77: 0 | Z77: 0 | AA77: 1 | AB77: 1 | AC77: 1 | AD77: 1 | AE77: 1 | AF77: 0 | AH77: 0 | AI77: 1 | AJ77: 1 | AK77: 1 | AL77: 1 | AM77: 1 | AN77: 0 | AP77: =IF(($B$77<>2)+($J$77<>2)+($R$77<>2)+($Z$77<>2)+($AH$77<>2)=0,2,IF((($B$77<>2)*$B$77+($J$77<>2)*$J$77+($R$77<>2)*$R$77+($Z$77<>2)*$Z$77+($AH$77<>2)*$AH$77)/(($B$77<>2)+($J$77<>2)+($R$77<>2)+($Z$77<>2)+($AH$77<>2))>=0.5,1,0)) | AQ77: =IF(($C$77<>2)+($K$77<>2)+($S$77<>2)+($AA$77<>2)+($AI$77<>2)=0,2,IF((($C$77<>2)*$C$77+($K$77<>2)*$K$77+($S$77<>2)*$S$77+($AA$77<>2)*$AA$77+($AI$77<>2)*$AI$77)/(($C$77<>2)+($K$77<>2)+($S$77<>2)+($AA$77<>2)+($AI$77<>2))>=0.5,1,0)) | AR77: =IF(($D$77<>2)+($L$77<>2)+($T$77<>2)+($AB$77<>2)+($AJ$77<>2)=0,2,IF((($D$77<>2)*$D$77+($L$77<>2)*$L$77+($T$77<>2)*$T$77+($AB$77<>2)*$AB$77+($AJ$77<>2)*$AJ$77)/(($D$77<>2)+($L$77<>2)+($T$77<>2)+($AB$77<>2)+($AJ$77<>2))>=0.5,1,0)) | AS77: =IF(($E$77<>2)+($M$77<>2)+($U$77<>2)+($AC$77<>2)+($AK$77<>2)=0,2,IF((($E$77<>2)*$E$77+($M$77<>2)*$M$77+($U$77<>2)*$U$77+($AC$77<>2)*$AC$77+($AK$77<>2)*$AK$77)/(($E$77<>2)+($M$77<>2)+($U$77<>2)+($AC$77<>2)+($AK$77<>2))>=0.5,1,0)) | AT77: =IF(($F$77<>2)+($N$77<>2)+($V$77<>2)+($AD$77<>2)+($AL$77<>2)=0,2,IF((($F$77<>2)*$F$77+($N$77<>2)*$N$77+($V$77<>2)*$V$77+($AD$77<>2)*$AD$77+($AL$77<>2)*$AL$77)/(($F$77<>2)+($N$77<>2)+($V$77<>2)+($AD$77<>2)+($AL$77<>2))>=0.5,1,0)) | AU77: =IF(($G$77<>2)+($O$77<>2)+($W$77<>2)+($AE$77<>2)+($AM$77<>2)=0,2,IF((($G$77<>2)*$G$77+($O$77<>2)*$O$77+($W$77<>2)*$W$77+($AE$77<>2)*$AE$77+($AM$77<>2)*$AM$77)/(($G$77<>2)+($O$77<>2)+($W$77<>2)+($AE$77<>2)+($AM$77<>2))>=0.5,1,0)) | AV77: =IF(($H$77<>2)+($P$77<>2)+($X$77<>2)+($AF$77<>2)+($AN$77<>2)=0,2,IF((($H$77<>2)*$H$77+($P$77<>2)*$P$77+($X$77<>2)*$X$77+($AF$77<>2)*$AF$77+($AN$77<>2)*$AN$77)/(($H$77<>2)+($P$77<>2)+($X$77<>2)+($AF$77<>2)+($AN$77<>2))>=0.5,1,0)) | AX77: ='Ground truth'!$B$17 | AY77: ='Ground truth'!$C$17 | AZ77: ='Ground truth'!$D$17 | BA77: ='Ground truth'!$E$17 | BB77: ='Ground truth'!$F$17 | BC77: ='Ground truth'!$G$17 | BD77: ='Ground truth'!$H$17
A78: Battery Holder | B78: 0 | C78: 0 | D78: 0 | E78: 1 | F78: 1 | G78: 1 | H78: 0 | J78: 0 | K78: 0 | L78: 0 | M78: 1 | N78: 1 | O78: 1 | P78: 0 | R78: 0 | S78: 0 | T78: 0 | U78: 1 | V78: 1 | W78: 1 | X78: 0 | Z78: 0 | AA78: 0 | AB78: 0 | AC78: 1 | AD78: 1 | AE78: 1 | AF78: 0 | AH78: 0 | AI78: 0 | AJ78: 0 | AK78: 1 | AL78: 1 | AM78: 1 | AN78: 0 | AP78: =IF(($B$78<>2)+($J$78<>2)+($R$78<>2)+($Z$78<>2)+($AH$78<>2)=0,2,IF((($B$78<>2)*$B$78+($J$78<>2)*$J$78+($R$78<>2)*$R$78+($Z$78<>2)*$Z$78+($AH$78<>2)*$AH$78)/(($B$78<>2)+($J$78<>2)+($R$78<>2)+($Z$78<>2)+($AH$78<>2))>=0.5,1,0)) | AQ78: =IF(($C$78<>2)+($K$78<>2)+($S$78<>2)+($AA$78<>2)+($AI$78<>2)=0,2,IF((($C$78<>2)*$C$78+($K$78<>2)*$K$78+($S$78<>2)*$S$78+($AA$78<>2)*$AA$78+($AI$78<>2)*$AI$78)/(($C$78<>2)+($K$78<>2)+($S$78<>2)+($AA$78<>2)+($AI$78<>2))>=0.5,1,0)) | AR78: =IF(($D$78<>2)+($L$78<>2)+($T$78<>2)+($AB$78<>2)+($AJ$78<>2)=0,2,IF((($D$78<>2)*$D$78+($L$78<>2)*$L$78+($T$78<>2)*$T$78+($AB$78<>2)*$AB$78+($AJ$78<>2)*$AJ$78)/(($D$78<>2)+($L$78<>2)+($T$78<>2)+($AB$78<>2)+($AJ$78<>2))>=0.5,1,0)) | AS78: =IF(($E$78<>2)+($M$78<>2)+($U$78<>2)+($AC$78<>2)+($AK$78<>2)=0,2,IF((($E$78<>2)*$E$78+($M$78<>2)*$M$78+($U$78<>2)*$U$78+($AC$78<>2)*$AC$78+($AK$78<>2)*$AK$78)/(($E$78<>2)+($M$78<>2)+($U$78<>2)+($AC$78<>2)+($AK$78<>2))>=0.5,1,0)) | AT78: =IF(($F$78<>2)+($N$78<>2)+($V$78<>2)+($AD$78<>2)+($AL$78<>2)=0,2,IF((($F$78<>2)*$F$78+($N$78<>2)*$N$78+($V$78<>2)*$V$78+($AD$78<>2)*$AD$78+($AL$78<>2)*$AL$78)/(($F$78<>2)+($N$78<>2)+($V$78<>2)+($AD$78<>2)+($AL$78<>2))>=0.5,1,0)) | AU78: =IF(($G$78<>2)+($O$78<>2)+($W$78<>2)+($AE$78<>2)+($AM$78<>2)=0,2,IF((($G$78<>2)*$G$78+($O$78<>2)*$O$78+($W$78<>2)*$W$78+($AE$78<>2)*$AE$78+($AM$78<>2)*$AM$78)/(($G$78<>2)+($O$78<>2)+($W$78<>2)+($AE$78<>2)+($AM$78<>2))>=0.5,1,0)) | AV78: =IF(($H$78<>2)+($P$78<>2)+($X$78<>2)+($AF$78<>2)+($AN$78<>2)=0,2,IF((($H$78<>2)*$H$78+($P$78<>2)*$P$78+($X$78<>2)*$X$78+($AF$78<>2)*$AF$78+($AN$78<>2)*$AN$78)/(($H$78<>2)+($P$78<>2)+($X$78<>2)+($AF$78<>2)+($AN$78<>2))>=0.5,1,0)) | AX78: ='Ground truth'!$B$18 | AY78: ='Ground truth'!$C$18 | AZ78: ='Ground truth'!$D$18 | BA78: ='Ground truth'!$E$18 | BB78: ='Ground truth'!$F$18 | BC78: ='Ground truth'!$G$18 | BD78: ='Ground truth'!$H$18
A79: Housing | B79: 1 | C79: 1 | D79: 1 | E79: 1 | F79: 1 | G79: 1 | H79: 1 | J79: 1 | K79: 1 | L79: 1 | M79: 1 | N79: 1 | O79: 1 | P79: 1 | R79: 1 | S79: 1 | T79: 1 | U79: 1 | V79: 1 | W79: 1 | X79: 1 | Z79: 1 | AA79: 1 | AB79: 1 | AC79: 1 | AD79: 1 | AE79: 1 | AF79: 1 | AH79: 0 | AI79: 1 | AJ79: 1 | AK79: 1 | AL79: 1 | AM79: 1 | AN79: 1 | AP79: =IF(($B$79<>2)+($J$79<>2)+($R$79<>2)+($Z$79<>2)+($AH$79<>2)=0,2,IF((($B$79<>2)*$B$79+($J$79<>2)*$J$79+($R$79<>2)*$R$79+($Z$79<>2)*$Z$79+($AH$79<>2)*$AH$79)/(($B$79<>2)+($J$79<>2)+($R$79<>2)+($Z$79<>2)+($AH$79<>2))>=0.5,1,0)) | AQ79: =IF(($C$79<>2)+($K$79<>2)+($S$79<>2)+($AA$79<>2)+($AI$79<>2)=0,2,IF((($C$79<>2)*$C$79+($K$79<>2)*$K$79+($S$79<>2)*$S$79+($AA$79<>2)*$AA$79+($AI$79<>2)*$AI$79)/(($C$79<>2)+($K$79<>2)+($S$79<>2)+($AA$79<>2)+($AI$79<>2))>=0.5,1,0)) | AR79: =IF(($D$79<>2)+($L$79<>2)+($T$79<>2)+($AB$79<>2)+($AJ$79<>2)=0,2,IF((($D$79<>2)*$D$79+($L$79<>2)*$L$79+($T$79<>2)*$T$79+($AB$79<>2)*$AB$79+($AJ$79<>2)*$AJ$79)/(($D$79<>2)+($L$79<>2)+($T$79<>2)+($AB$79<>2)+($AJ$79<>2))>=0.5,1,0)) | AS79: =IF(($E$79<>2)+($M$79<>2)+($U$79<>2)+($AC$79<>2)+($AK$79<>2)=0,2,IF((($E$79<>2)*$E$79+($M$79<>2)*$M$79+($U$79<>2)*$U$79+($AC$79<>2)*$AC$79+($AK$79<>2)*$AK$79)/(($E$79<>2)+($M$79<>2)+($U$79<>2)+($AC$79<>2)+($AK$79<>2))>=0.5,1,0)) | AT79: =IF(($F$79<>2)+($N$79<>2)+($V$79<>2)+($AD$79<>2)+($AL$79<>2)=0,2,IF((($F$79<>2)*$F$79+($N$79<>2)*$N$79+($V$79<>2)*$V$79+($AD$79<>2)*$AD$79+($AL$79<>2)*$AL$79)/(($F$79<>2)+($N$79<>2)+($V$79<>2)+($AD$79<>2)+($AL$79<>2))>=0.5,1,0)) | AU79: =IF(($G$79<>2)+($O$79<>2)+($W$79<>2)+($AE$79<>2)+($AM$79<>2)=0,2,IF((($G$79<>2)*$G$79+($O$79<>2)*$O$79+($W$79<>2)*$W$79+($AE$79<>2)*$AE$79+($AM$79<>2)*$AM$79)/(($G$79<>2)+($O$79<>2)+($W$79<>2)+($AE$79<>2)+($AM$79<>2))>=0.5,1,0)) | AV79: =IF(($H$79<>2)+($P$79<>2)+($X$79<>2)+($AF$79<>2)+($AN$79<>2)=0,2,IF((($H$79<>2)*$H$79+($P$79<>2)*$P$79+($X$79<>2)*$X$79+($AF$79<>2)*$AF$79+($AN$79<>2)*$AN$79)/(($H$79<>2)+($P$79<>2)+($X$79<>2)+($AF$79<>2)+($AN$79<>2))>=0.5,1,0)) | AX79: ='Ground truth'!$B$19 | AY79: ='Ground truth'!$C$19 | AZ79: ='Ground truth'!$D$19 | BA79: ='Ground truth'!$E$19 | BB79: ='Ground truth'!$F$19 | BC79: ='Ground truth'!$G$19 | BD79: ='Ground truth'!$H$19
A80: External Environment | B80: 0 | C80: 0 | D80: 0 | E80: 0 | F80: 0 | G80: 1 | H80: 1 | J80: 1 | K80: 0 | L80: 0 | M80: 0 | N80: 0 | O80: 1 | P80: 1 | R80: 0 | S80: 0 | T80: 0 | U80: 0 | V80: 0 | W80: 1 | X80: 1 | Z80: 0 | AA80: 0 | AB80: 0 | AC80: 0 | AD80: 0 | AE80: 1 | AF80: 1 | AH80: 0 | AI80: 0 | AJ80: 0 | AK80: 0 | AL80: 0 | AM80: 1 | AN80: 1 | AP80: =IF(($B$80<>2)+($J$80<>2)+($R$80<>2)+($Z$80<>2)+($AH$80<>2)=0,2,IF((($B$80<>2)*$B$80+($J$80<>2)*$J$80+($R$80<>2)*$R$80+($Z$80<>2)*$Z$80+($AH$80<>2)*$AH$80)/(($B$80<>2)+($J$80<>2)+($R$80<>2)+($Z$80<>2)+($AH$80<>2))>=0.5,1,0)) | AQ80: =IF(($C$80<>2)+($K$80<>2)+($S$80<>2)+($AA$80<>2)+($AI$80<>2)=0,2,IF((($C$80<>2)*$C$80+($K$80<>2)*$K$80+($S$80<>2)*$S$80+($AA$80<>2)*$AA$80+($AI$80<>2)*$AI$80)/(($C$80<>2)+($K$80<>2)+($S$80<>2)+($AA$80<>2)+($AI$80<>2))>=0.5,1,0)) | AR80: =IF(($D$80<>2)+($L$80<>2)+($T$80<>2)+($AB$80<>2)+($AJ$80<>2)=0,2,IF((($D$80<>2)*$D$80+($L$80<>2)*$L$80+($T$80<>2)*$T$80+($AB$80<>2)*$AB$80+($AJ$80<>2)*$AJ$80)/(($D$80<>2)+($L$80<>2)+($T$80<>2)+($AB$80<>2)+($AJ$80<>2))>=0.5,1,0)) | AS80: =IF(($E$80<>2)+($M$80<>2)+($U$80<>2)+($AC$80<>2)+($AK$80<>2)=0,2,IF((($E$80<>2)*$E$80+($M$80<>2)*$M$80+($U$80<>2)*$U$80+($AC$80<>2)*$AC$80+($AK$80<>2)*$AK$80)/(($E$80<>2)+($M$80<>2)+($U$80<>2)+($AC$80<>2)+($AK$80<>2))>=0.5,1,0)) | AT80: =IF(($F$80<>2)+($N$80<>2)+($V$80<>2)+($AD$80<>2)+($AL$80<>2)=0,2,IF((($F$80<>2)*$F$80+($N$80<>2)*$N$80+($V$80<>2)*$V$80+($AD$80<>2)*$AD$80+($AL$80<>2)*$AL$80)/(($F$80<>2)+($N$80<>2)+($V$80<>2)+($AD$80<>2)+($AL$80<>2))>=0.5,1,0)) | AU80: =IF(($G$80<>2)+($O$80<>2)+($W$80<>2)+($AE$80<>2)+($AM$80<>2)=0,2,IF((($G$80<>2)*$G$80+($O$80<>2)*$O$80+($W$80<>2)*$W$80+($AE$80<>2)*$AE$80+($AM$80<>2)*$AM$80)/(($G$80<>2)+($O$80<>2)+($W$80<>2)+($AE$80<>2)+($AM$80<>2))>=0.5,1,0)) | AV80: =IF(($H$80<>2)+($P$80<>2)+($X$80<>2)+($AF$80<>2)+($AN$80<>2)=0,2,IF((($H$80<>2)*$H$80+($P$80<>2)*$P$80+($X$80<>2)*$X$80+($AF$80<>2)*$AF$80+($AN$80<>2)*$AN$80)/(($H$80<>2)+($P$80<>2)+($X$80<>2)+($AF$80<>2)+($AN$80<>2))>=0.5,1,0)) | AX80: ='Ground truth'!$B$20 | AY80: ='Ground truth'!$C$20 | AZ80: ='Ground truth'!$D$20 | BA80: ='Ground truth'!$E$20 | BB80: ='Ground truth'!$F$20 | BC80: ='Ground truth'!$G$20 | BD80: ='Ground truth'!$H$20
A82: metrics — confident-only (unsure excluded from denominators) | B82: run 1 | C82: run 2 | D82: run 3 | E82: run 4 | F82: run 5 | G82: avg-matrix | H82: mean | I82: std (pop.) | J82: notes
A83: TP | B83: =SUMPRODUCT(($B$74:$H$80=1)*('Ground truth'!$B$14:$H$20=1)) | C83: =SUMPRODUCT(($J$74:$P$80=1)*('Ground truth'!$B$14:$H$20=1)) | D83: =SUMPRODUCT(($R$74:$X$80=1)*('Ground truth'!$B$14:$H$20=1)) | E83: =SUMPRODUCT(($Z$74:$AF$80=1)*('Ground truth'!$B$14:$H$20=1)) | F83: =SUMPRODUCT(($AH$74:$AN$80=1)*('Ground truth'!$B$14:$H$20=1)) | G83: =SUMPRODUCT(($AP$74:$AV$80=1)*('Ground truth'!$B$14:$H$20=1)) | H83: =AVERAGE($B$83:$F$83) | I83: =STDEV.P($B$83:$F$83)
A84: TN | B84: =SUMPRODUCT(($B$74:$H$80=0)*('Ground truth'!$B$14:$H$20=0)) | C84: =SUMPRODUCT(($J$74:$P$80=0)*('Ground truth'!$B$14:$H$20=0)) | D84: =SUMPRODUCT(($R$74:$X$80=0)*('Ground truth'!$B$14:$H$20=0)) | E84: =SUMPRODUCT(($Z$74:$AF$80=0)*('Ground truth'!$B$14:$H$20=0)) | F84: =SUMPRODUCT(($AH$74:$AN$80=0)*('Ground truth'!$B$14:$H$20=0)) | G84: =SUMPRODUCT(($AP$74:$AV$80=0)*('Ground truth'!$B$14:$H$20=0)) | H84: =AVERAGE($B$84:$F$84) | I84: =STDEV.P($B$84:$F$84)
A85: FP | B85: =SUMPRODUCT(($B$74:$H$80=1)*('Ground truth'!$B$14:$H$20=0)) | C85: =SUMPRODUCT(($J$74:$P$80=1)*('Ground truth'!$B$14:$H$20=0)) | D85: =SUMPRODUCT(($R$74:$X$80=1)*('Ground truth'!$B$14:$H$20=0)) | E85: =SUMPRODUCT(($Z$74:$AF$80=1)*('Ground truth'!$B$14:$H$20=0)) | F85: =SUMPRODUCT(($AH$74:$AN$80=1)*('Ground truth'!$B$14:$H$20=0)) | G85: =SUMPRODUCT(($AP$74:$AV$80=1)*('Ground truth'!$B$14:$H$20=0)) | H85: =AVERAGE($B$85:$F$85) | I85: =STDEV.P($B$85:$F$85)
A86: FN | B86: =SUMPRODUCT(($B$74:$H$80=0)*('Ground truth'!$B$14:$H$20=1)) | C86: =SUMPRODUCT(($J$74:$P$80=0)*('Ground truth'!$B$14:$H$20=1)) | D86: =SUMPRODUCT(($R$74:$X$80=0)*('Ground truth'!$B$14:$H$20=1)) | E86: =SUMPRODUCT(($Z$74:$AF$80=0)*('Ground truth'!$B$14:$H$20=1)) | F86: =SUMPRODUCT(($AH$74:$AN$80=0)*('Ground truth'!$B$14:$H$20=1)) | G86: =SUMPRODUCT(($AP$74:$AV$80=0)*('Ground truth'!$B$14:$H$20=1)) | H86: =AVERAGE($B$86:$F$86) | I86: =STDEV.P($B$86:$F$86)
A87: Precision | B87: =IFERROR($B$83/($B$83+$B$85),0) | C87: =IFERROR($C$83/($C$83+$C$85),0) | D87: =IFERROR($D$83/($D$83+$D$85),0) | E87: =IFERROR($E$83/($E$83+$E$85),0) | F87: =IFERROR($F$83/($F$83+$F$85),0) | G87: =IFERROR($G$83/($G$83+$G$85),0) | H87: =AVERAGE($B$87:$F$87) | I87: =STDEV.P($B$87:$F$87)
A88: Recall | B88: =IFERROR($B$83/($B$83+$B$86),0) | C88: =IFERROR($C$83/($C$83+$C$86),0) | D88: =IFERROR($D$83/($D$83+$D$86),0) | E88: =IFERROR($E$83/($E$83+$E$86),0) | F88: =IFERROR($F$83/($F$83+$F$86),0) | G88: =IFERROR($G$83/($G$83+$G$86),0) | H88: =AVERAGE($B$88:$F$88) | I88: =STDEV.P($B$88:$F$88)
A89: F1 | B89: =IFERROR(2*$B$87*$B$88/($B$87+$B$88),0) | C89: =IFERROR(2*$C$87*$C$88/($C$87+$C$88),0) | D89: =IFERROR(2*$D$87*$D$88/($D$87+$D$88),0) | E89: =IFERROR(2*$E$87*$E$88/($E$87+$E$88),0) | F89: =IFERROR(2*$F$87*$F$88/($F$87+$F$88),0) | G89: =IFERROR(2*$G$87*$G$88/($G$87+$G$88),0) | H89: =AVERAGE($B$89:$F$89) | I89: =STDEV.P($B$89:$F$89)
A90: Accuracy | B90: =IFERROR(($B$83+$B$84)/($B$83+$B$84+$B$85+$B$86),0) | C90: =IFERROR(($C$83+$C$84)/($C$83+$C$84+$C$85+$C$86),0) | D90: =IFERROR(($D$83+$D$84)/($D$83+$D$84+$D$85+$D$86),0) | E90: =IFERROR(($E$83+$E$84)/($E$83+$E$84+$E$85+$E$86),0) | F90: =IFERROR(($F$83+$F$84)/($F$83+$F$84+$F$85+$F$86),0) | G90: =IFERROR(($G$83+$G$84)/($G$83+$G$84+$G$85+$G$86),0) | H90: =AVERAGE($B$90:$F$90) | I90: =STDEV.P($B$90:$F$90)
A91: Edit distance | B91: =SUMPRODUCT(ABS('Ground truth'!$B$14:$H$20-$B$74:$H$80)) | C91: =SUMPRODUCT(ABS('Ground truth'!$B$14:$H$20-$J$74:$P$80)) | D91: =SUMPRODUCT(ABS('Ground truth'!$B$14:$H$20-$R$74:$X$80)) | E91: =SUMPRODUCT(ABS('Ground truth'!$B$14:$H$20-$Z$74:$AF$80)) | F91: =SUMPRODUCT(ABS('Ground truth'!$B$14:$H$20-$AH$74:$AN$80)) | G91: =SUMPRODUCT(ABS('Ground truth'!$B$14:$H$20-$AP$74:$AV$80)) | H91: =AVERAGE($B$91:$F$91) | I91: =STDEV.P($B$91:$F$91)
A92: Spectral distance | B92: =SQRT(SUMPRODUCT(('Ground truth'!$K$14:$K$20-$B$103:$B$109)^2)) | C92: =SQRT(SUMPRODUCT(('Ground truth'!$K$14:$K$20-$C$103:$C$109)^2)) | D92: =SQRT(SUMPRODUCT(('Ground truth'!$K$14:$K$20-$D$103:$D$109)^2)) | E92: =SQRT(SUMPRODUCT(('Ground truth'!$K$14:$K$20-$E$103:$E$109)^2)) | F92: =SQRT(SUMPRODUCT(('Ground truth'!$K$14:$K$20-$F$103:$F$109)^2)) | G92: =SQRT(SUMPRODUCT(('Ground truth'!$K$14:$K$20-$G$103:$G$109)^2)) | H92: =AVERAGE($B$92:$F$92) | I92: =STDEV.P($B$92:$F$92)
A93: Unsure cells | B93: =COUNTIF($B$74:$H$80,2) | C93: =COUNTIF($J$74:$P$80,2) | D93: =COUNTIF($R$74:$X$80,2) | E93: =COUNTIF($Z$74:$AF$80,2) | F93: =COUNTIF($AH$74:$AN$80,2) | G93: =COUNTIF($AP$74:$AV$80,2) | H93: =AVERAGE($B$93:$F$93) | I93: =STDEV.P($B$93:$F$93)
A94: eigenvalues (real part, numpy order; pasted)
A95: λ1 | B95: 4.6690791 | C95: 4.7758599 | D95: 4.6690791 | E95: 4.6690791 | F95: 4.4592463 | G95: 4.6690791
A96: λ2 | B96: -1 | C96: 2.1618882 | D96: -1 | E96: -1 | F96: 1.81294 | G96: -1
A97: λ3 | B97: -0.61803399 | C97: 1.4209273 | D97: -0.61803399 | E97: -0.61803399 | F97: 1.3146844 | G97: -0.61803399
A98: λ4 | B98: -0.14510269 | C98: 0.45224102 | D98: -0.14510269 | E98: -0.14510269 | F98: 1 | G98: -0.14510269
A99: λ5 | B99: 1 | C99: -0.250297 | D99: 1 | E99: 1 | F99: -0.9376364 | G99: 1
A100: λ6 | B100: 1.618034 | C100: -0.69836366 | D100: 1.618034 | E100: 1.618034 | F100: -0.39554324 | G100: 1.618034
A101: λ7 | B101: 1.4760236 | C101: -0.86225575 | D101: 1.4760236 | E101: 1.4760236 | F101: -0.25369107 | G101: 1.4760236
A102: eigenvalues sorted desc (LARGE)
A103: λ(1) | B103: =LARGE($B$95:$B$101,1) | C103: =LARGE($C$95:$C$101,1) | D103: =LARGE($D$95:$D$101,1) | E103: =LARGE($E$95:$E$101,1) | F103: =LARGE($F$95:$F$101,1) | G103: =LARGE($G$95:$G$101,1)
A104: λ(2) | B104: =LARGE($B$95:$B$101,2) | C104: =LARGE($C$95:$C$101,2) | D104: =LARGE($D$95:$D$101,2) | E104: =LARGE($E$95:$E$101,2) | F104: =LARGE($F$95:$F$101,2) | G104: =LARGE($G$95:$G$101,2)
A105: λ(3) | B105: =LARGE($B$95:$B$101,3) | C105: =LARGE($C$95:$C$101,3) | D105: =LARGE($D$95:$D$101,3) | E105: =LARGE($E$95:$E$101,3) | F105: =LARGE($F$95:$F$101,3) | G105: =LARGE($G$95:$G$101,3)
A106: λ(4) | B106: =LARGE($B$95:$B$101,4) | C106: =LARGE($C$95:$C$101,4) | D106: =LARGE($D$95:$D$101,4) | E106: =LARGE($E$95:$E$101,4) | F106: =LARGE($F$95:$F$101,4) | G106: =LARGE($G$95:$G$101,4)
A107: λ(5) | B107: =LARGE($B$95:$B$101,5) | C107: =LARGE($C$95:$C$101,5) | D107: =LARGE($D$95:$D$101,5) | E107: =LARGE($E$95:$E$101,5) | F107: =LARGE($F$95:$F$101,5) | G107: =LARGE($G$95:$G$101,5)
...

Sheet CubeSat-ii raw
A1: CubeSat-ii raw — metrics as spreadsheet formulas over the pasted run matrices (raw matrices)
A2: Rows 6–55: summary (all formulas referencing the blocks below). Rows 59–68: gold/silver ranking. Blocks from row 72: pasted run matrices, then every metric as a formula.
A5: Configuration | B5: Model | C5: n_runs | D5: unsure cells | E5: unsure % | F5: coverage | G5: Precision mean | H5: Precision std | I5: Precision avg-matrix | J5: Recall mean | K5: Recall std | L5: Recall avg-matrix | M5: F1 mean | N5: F1 std | O5: F1 avg-matrix | P5: Accuracy mean | Q5: Accuracy std | R5: Accuracy avg-matrix | S5: Edit distance mean | T5: Edit distance std | U5: Edit distance avg-matrix | V5: Spectral distance mean | W5: Spectral distance std | X5: Spectral distance avg-matrix | Y5: note | Z5: block row
A6: LLM | B6: gpt4-turbo-preview | C6: =COUNT($B$82,$C$82,$D$82,$E$82,$F$82) | D6: =SUM($B$92:$F$92) | E6: =IFERROR(100*$D$6/($C$6*36),0) | F6: =IFERROR(1-$D$6/($C$6*36),0) | G6: =$H$86 | H6: =$I$86 | I6: =$G$86 | J6: =$H$87 | K6: =$I$87 | L6: =$G$87 | M6: =$H$88 | N6: =$I$88 | O6: =$G$88 | P6: =$H$89 | Q6: =$I$89 | R6: =$G$89 | S6: =$H$90 | T6: =$I$90 | U6: =$G$90 | V6: =$H$91 | W6: =$I$91 | X6: =$G$91 | Z6: 72
A7: LLM | B7: gpt4o | C7: =COUNT($B$130,$C$130,$D$130,$E$130,$F$130) | D7: =SUM($B$140:$F$140) | E7: =IFERROR(100*$D$7/($C$7*36),0) | F7: =IFERROR(1-$D$7/($C$7*36),0) | G7: =$H$134 | H7: =$I$134 | I7: =$G$134 | J7: =$H$135 | K7: =$I$135 | L7: =$G$135 | M7: =$H$136 | N7: =$I$136 | O7: =$G$136 | P7: =$H$137 | Q7: =$I$137 | R7: =$G$137 | S7: =$H$138 | T7: =$I$138 | U7: =$G$138 | V7: =$H$139 | W7: =$I$139 | X7: =$G$139 | Z7: 120
A8: LLM | B8: mixtral:8x22b | C8: =COUNT($B$178,$C$178,$D$178,$E$178,$F$178) | D8: =SUM($B$188:$F$188) | E8: =IFERROR(100*$D$8/($C$8*36),0) | F8: =IFERROR(1-$D$8/($C$8*36),0) | G8: =$H$182 | H8: =$I$182 | I8: =$G$182 | J8: =$H$183 | K8: =$I$183 | L8: =$G$183 | M8: =$H$184 | N8: =$I$184 | O8: =$G$184 | P8: =$H$185 | Q8: =$I$185 | R8: =$G$185 | S8: =$H$186 | T8: =$I$186 | U8: =$G$186 | V8: =$H$187 | W8: =$I$187 | X8: =$G$187 | Z8: 168
A9: LLM | B9: llama3.3:70b | C9: =COUNT($B$226,$C$226,$D$226,$E$226,$F$226) | D9: =SUM($B$236:$F$236) | E9: =IFERROR(100*$D$9/($C$9*36),0) | F9: =IFERROR(1-$D$9/($C$9*36),0) | G9: =$H$230 | H9: =$I$230 | I9: =$G$230 | J9: =$H$231 | K9: =$I$231 | L9: =$G$231 | M9: =$H$232 | N9: =$I$232 | O9: =$G$232 | P9: =$H$233 | Q9: =$I$233 | R9: =$G$233 | S9: =$H$234 | T9: =$I$234 | U9: =$G$234 | V9: =$H$235 | W9: =$I$235 | X9: =$G$235 | Z9: 216
A10: LLM | B10: deepseek-r1:14b | C10: =COUNT($B$274,$C$274,$D$274,$E$274,$F$274) | D10: =SUM($B$284:$F$284) | E10: =IFERROR(100*$D$10/($C$10*36),0) | F10: =IFERROR(1-$D$10/($C$10*36),0) | G10: =$H$278 | H10: =$I$278 | I10: =$G$278 | J10: =$H$279 | K10: =$I$279 | L10: =$G$279 | M10: =$H$280 | N10: =$I$280 | O10: =$G$280 | P10: =$H$281 | Q10: =$I$281 | R10: =$G$281 | S10: =$H$282 | T10: =$I$282 | U10: =$G$282 | V10: =$H$283 | W10: =$I$283 | X10: =$G$283 | Z10: 264
A11: RAG R1 | B11: gpt4-turbo-preview | C11: =COUNT($B$322,$C$322,$D$322,$E$322,$F$322) | D11: =SUM($B$332:$F$332) | E11: =IFERROR(100*$D$11/($C$11*36),0) | F11: =IFERROR(1-$D$11/($C$11*36),0) | G11: =$H$326 | H11: =$I$326 | I11: =$G$326 | J11: =$H$327 | K11: =$I$327 | L11: =$G$327 | M11: =$H$328 | N11: =$I$328 | O11: =$G$328 | P11: =$H$329 | Q11: =$I$329 | R11: =$G$329 | S11: =$H$330 | T11: =$I$330 | U11: =$G$330 | V11: =$H$331 | W11: =$I$331 | X11: =$G$331 | Z11: 312
A12: RAG R1 | B12: gpt4o | C12: 0 | G12: N/A | H12: N/A | I12: N/A | J12: N/A | K12: N/A | L12: N/A | M12: N/A | N12: N/A | O12: N/A | P12: N/A | Q12: N/A | R12: N/A | S12: N/A | T12: N/A | U12: N/A | V12: N/A | W12: N/A | X12: N/A | Y12: N/A
A13: RAG R1 | B13: mixtral:8x22b | C13: =COUNT($B$370,$C$370,$D$370,$E$370,$F$370) | D13: =SUM($B$380:$F$380) | E13: =IFERROR(100*$D$13/($C$13*36),0) | F13: =IFERROR(1-$D$13/($C$13*36),0) | G13: =$H$374 | H13: =$I$374 | I13: =$G$374 | J13: =$H$375 | K13: =$I$375 | L13: =$G$375 | M13: =$H$376 | N13: =$I$376 | O13: =$G$376 | P13: =$H$377 | Q13: =$I$377 | R13: =$G$377 | S13: =$H$378 | T13: =$I$378 | U13: =$G$378 | V13: =$H$379 | W13: =$I$379 | X13: =$G$379 | Z13: 360
A14: RAG R1 | B14: llama3.3:70b | C14: =COUNT($B$418,$C$418,$D$418,$E$418,$F$418) | D14: =SUM($B$428:$F$428) | E14: =IFERROR(100*$D$14/($C$14*36),0) | F14: =IFERROR(1-$D$14/($C$14*36),0) | G14: =$H$422 | H14: =$I$422 | I14: =$G$422 | J14: =$H$423 | K14: =$I$423 | L14: =$G$423 | M14: =$H$424 | N14: =$I$424 | O14: =$G$424 | P14: =$H$425 | Q14: =$I$425 | R14: =$G$425 | S14: =$H$426 | T14: =$I$426 | U14: =$G$426 | V14: =$H$427 | W14: =$I$427 | X14: =$G$427 | Z14: 408
A15: RAG R1 | B15: deepseek-r1:14b | C15: =COUNT($B$466,$C$466,$D$466,$E$466,$F$466) | D15: =SUM($B$476:$F$476) | E15: =IFERROR(100*$D$15/($C$15*36),0) | F15: =IFERROR(1-$D$15/($C$15*36),0) | G15: =$H$470 | H15: =$I$470 | I15: =$G$470 | J15: =$H$471 | K15: =$I$471 | L15: =$G$471 | M15: =$H$472 | N15: =$I$472 | O15: =$G$472 | P15: =$H$473 | Q15: =$I$473 | R15: =$G$473 | S15: =$H$474 | T15: =$I$474 | U15: =$G$474 | V15: =$H$475 | W15: =$I$475 | X15: =$G$475 | Z15: 456
A16: RAG R2 | B16: gpt4-turbo-preview | C16: =COUNT($B$514,$C$514,$D$514,$E$514,$F$514) | D16: =SUM($B$524:$F$524) | E16: =IFERROR(100*$D$16/($C$16*36),0) | F16: =IFERROR(1-$D$16/($C$16*36),0) | G16: =$H$518 | H16: =$I$518 | I16: =$G$518 | J16: =$H$519 | K16: =$I$519 | L16: =$G$519 | M16: =$H$520 | N16: =$I$520 | O16: =$G$520 | P16: =$H$521 | Q16: =$I$521 | R16: =$G$521 | S16: =$H$522 | T16: =$I$522 | U16: =$G$522 | V16: =$H$523 | W16: =$I$523 | X16: =$G$523 | Z16: 504
A17: RAG R2 | B17: gpt4o | C17: 0 | G17: N/A | H17: N/A | I17: N/A | J17: N/A | K17: N/A | L17: N/A | M17: N/A | N17: N/A | O17: N/A | P17: N/A | Q17: N/A | R17: N/A | S17: N/A | T17: N/A | U17: N/A | V17: N/A | W17: N/A | X17: N/A | Y17: N/A
A18: RAG R2 | B18: mixtral:8x22b | C18: =COUNT($B$562,$C$562,$D$562,$E$562,$F$562) | D18: =SUM($B$572:$F$572) | E18: =IFERROR(100*$D$18/($C$18*36),0) | F18: =IFERROR(1-$D$18/($C$18*36),0) | G18: =$H$566 | H18: =$I$566 | I18: =$G$566 | J18: =$H$567 | K18: =$I$567 | L18: =$G$567 | M18: =$H$568 | N18: =$I$568 | O18: =$G$568 | P18: =$H$569 | Q18: =$I$569 | R18: =$G$569 | S18: =$H$570 | T18: =$I$570 | U18: =$G$570 | V18: =$H$571 | W18: =$I$571 | X18: =$G$571 | Z18: 552
A19: RAG R2 | B19: llama3.3:70b | C19: =COUNT($B$610,$C$610,$D$610,$E$610,$F$610) | D19: =SUM($B$620:$F$620) | E19: =IFERROR(100*$D$19/($C$19*36),0) | F19: =IFERROR(1-$D$19/($C$19*36),0) | G19: =$H$614 | H19: =$I$614 | I19: =$G$614 | J19: =$H$615 | K19: =$I$615 | L19: =$G$615 | M19: =$H$616 | N19: =$I$616 | O19: =$G$616 | P19: =$H$617 | Q19: =$I$617 | R19: =$G$617 | S19: =$H$618 | T19: =$I$618 | U19: =$G$618 | V19: =$H$619 | W19: =$I$619 | X19: =$G$619 | Y19: 1 run(s) returned no matrix | Z19: 600
A20: RAG R2 | B20: deepseek-r1:14b | C20: =COUNT($B$658,$C$658,$D$658,$E$658,$F$658) | D20: =SUM($B$668:$F$668) | E20: =IFERROR(100*$D$20/($C$20*36),0) | F20: =IFERROR(1-$D$20/($C$20*36),0) | G20: =$H$662 | H20: =$I$662 | I20: =$G$662 | J20: =$H$663 | K20: =$I$663 | L20: =$G$663 | M20: =$H$664 | N20: =$I$664 | O20: =$G$664 | P20: =$H$665 | Q20: =$I$665 | R20: =$G$665 | S20: =$H$666 | T20: =$I$666 | U20: =$G$666 | V20: =$H$667 | W20: =$I$667 | X20: =$G$667 | Z20: 648
A21: RAG R3 | B21: gpt4-turbo-preview | C21: =COUNT($B$706,$C$706,$D$706,$E$706,$F$706) | D21: =SUM($B$716:$F$716) | E21: =IFERROR(100*$D$21/($C$21*36),0) | F21: =IFERROR(1-$D$21/($C$21*36),0) | G21: =$H$710 | H21: =$I$710 | I21: =$G$710 | J21: =$H$711 | K21: =$I$711 | L21: =$G$711 | M21: =$H$712 | N21: =$I$712 | O21: =$G$712 | P21: =$H$713 | Q21: =$I$713 | R21: =$G$713 | S21: =$H$714 | T21: =$I$714 | U21: =$G$714 | V21: =$H$715 | W21: =$I$715 | X21: =$G$715 | Z21: 696
A22: RAG R3 | B22: gpt4o | C22: 0 | G22: N/A | H22: N/A | I22: N/A | J22: N/A | K22: N/A | L22: N/A | M22: N/A | N22: N/A | O22: N/A | P22: N/A | Q22: N/A | R22: N/A | S22: N/A | T22: N/A | U22: N/A | V22: N/A | W22: N/A | X22: N/A | Y22: N/A
A23: RAG R3 | B23: mixtral:8x22b | C23: =COUNT($B$754,$C$754,$D$754,$E$754,$F$754) | D23: =SUM($B$764:$F$764) | E23: =IFERROR(100*$D$23/($C$23*36),0) | F23: =IFERROR(1-$D$23/($C$23*36),0) | G23: =$H$758 | H23: =$I$758 | I23: =$G$758 | J23: =$H$759 | K23: =$I$759 | L23: =$G$759 | M23: =$H$760 | N23: =$I$760 | O23: =$G$760 | P23: =$H$761 | Q23: =$I$761 | R23: =$G$761 | S23: =$H$762 | T23: =$I$762 | U23: =$G$762 | V23: =$H$763 | W23: =$I$763 | X23: =$G$763 | Z23: 744
A24: RAG R3 | B24: llama3.3:70b | C24: =COUNT($B$802,$C$802,$D$802,$E$802,$F$802) | D24: =SUM($B$812:$F$812) | E24: =IFERROR(100*$D$24/($C$24*36),0) | F24: =IFERROR(1-$D$24/($C$24*36),0) | G24: =$H$806 | H24: =$I$806 | I24: =$G$806 | J24: =$H$807 | K24: =$I$807 | L24: =$G$807 | M24: =$H$808 | N24: =$I$808 | O24: =$G$808 | P24: =$H$809 | Q24: =$I$809 | R24: =$G$809 | S24: =$H$810 | T24: =$I$810 | U24: =$G$810 | V24: =$H$811 | W24: =$I$811 | X24: =$G$811 | Z24: 792
A25: RAG R3 | B25: deepseek-r1:14b | C25: =COUNT($B$850,$C$850,$D$850,$E$850,$F$850) | D25: =SUM($B$860:$F$860) | E25: =IFERROR(100*$D$25/($C$25*36),0) | F25: =IFERROR(1-$D$25/($C$25*36),0) | G25: =$H$854 | H25: =$I$854 | I25: =$G$854 | J25: =$H$855 | K25: =$I$855 | L25: =$G$855 | M25: =$H$856 | N25: =$I$856 | O25: =$G$856 | P25: =$H$857 | Q25: =$I$857 | R25: =$G$857 | S25: =$H$858 | T25: =$I$858 | U25: =$G$858 | V25: =$H$859 | W25: =$I$859 | X25: =$G$859 | Z25: 840
A26: RAG R1-R2 | B26: gpt4-turbo-preview | C26: =COUNT($B$898,$C$898,$D$898,$E$898,$F$898) | D26: =SUM($B$908:$F$908) | E26: =IFERROR(100*$D$26/($C$26*36),0) | F26: =IFERROR(1-$D$26/($C$26*36),0) | G26: =$H$902 | H26: =$I$902 | I26: =$G$902 | J26: =$H$903 | K26: =$I$903 | L26: =$G$903 | M26: =$H$904 | N26: =$I$904 | O26: =$G$904 | P26: =$H$905 | Q26: =$I$905 | R26: =$G$905 | S26: =$H$906 | T26: =$I$906 | U26: =$G$906 | V26: =$H$907 | W26: =$I$907 | X26: =$G$907 | Z26: 888
A27: RAG R1-R2 | B27: gpt4o | C27: 0 | G27: N/A | H27: N/A | I27: N/A | J27: N/A | K27: N/A | L27: N/A | M27: N/A | N27: N/A | O27: N/A | P27: N/A | Q27: N/A | R27: N/A | S27: N/A | T27: N/A | U27: N/A | V27: N/A | W27: N/A | X27: N/A | Y27: N/A
A28: RAG R1-R2 | B28: mixtral:8x22b | C28: =COUNT($B$946,$C$946,$D$946,$E$946,$F$946) | D28: =SUM($B$956:$F$956) | E28: =IFERROR(100*$D$28/($C$28*36),0) | F28: =IFERROR(1-$D$28/($C$28*36),0) | G28: =$H$950 | H28: =$I$950 | I28: =$G$950 | J28: =$H$951 | K28: =$I$951 | L28: =$G$951 | M28: =$H$952 | N28: =$I$952 | O28: =$G$952 | P28: =$H$953 | Q28: =$I$953 | R28: =$G$953 | S28: =$H$954 | T28: =$I$954 | U28: =$G$954 | V28: =$H$955 | W28: =$I$955 | X28: =$G$955 | Z28: 936
A29: RAG R1-R2 | B29: llama3.3:70b | C29: =COUNT($B$994,$C$994,$D$994,$E$994,$F$994) | D29: =SUM($B$1004:$F$1004) | E29: =IFERROR(100*$D$29/($C$29*36),0) | F29: =IFERROR(1-$D$29/($C$29*36),0) | G29: =$H$998 | H29: =$I$998 | I29: =$G$998 | J29: =$H$999 | K29: =$I$999 | L29: =$G$999 | M29: =$H$1000 | N29: =$I$1000 | O29: =$G$1000 | P29: =$H$1001 | Q29: =$I$1001 | R29: =$G$1001 | S29: =$H$1002 | T29: =$I$1002 | U29: =$G$1002 | V29: =$H$1003 | W29: =$I$1003 | X29: =$G$1003 | Y29: 1 run(s) returned no matrix | Z29: 984
A30: RAG R1-R2 | B30: deepseek-r1:14b | C30: =COUNT($B$1042,$C$1042,$D$1042,$E$1042,$F$1042) | D30: =SUM($B$1052:$F$1052) | E30: =IFERROR(100*$D$30/($C$30*36),0) | F30: =IFERROR(1-$D$30/($C$30*36),0) | G30: =$H$1046 | H30: =$I$1046 | I30: =$G$1046 | J30: =$H$1047 | K30: =$I$1047 | L30: =$G$1047 | M30: =$H$1048 | N30: =$I$1048 | O30: =$G$1048 | P30: =$H$1049 | Q30: =$I$1049 | R30: =$G$1049 | S30: =$H$1050 | T30: =$I$1050 | U30: =$G$1050 | V30: =$H$1051 | W30: =$I$1051 | X30: =$G$1051 | Z30: 1032
A31: RAG R1-R3 | B31: gpt4-turbo-preview | C31: =COUNT($B$1090,$C$1090,$D$1090,$E$1090,$F$1090) | D31: =SUM($B$1100:$F$1100) | E31: =IFERROR(100*$D$31/($C$31*36),0) | F31: =IFERROR(1-$D$31/($C$31*36),0) | G31: =$H$1094 | H31: =$I$1094 | I31: =$G$1094 | J31: =$H$1095 | K31: =$I$1095 | L31: =$G$1095 | M31: =$H$1096 | N31: =$I$1096 | O31: =$G$1096 | P31: =$H$1097 | Q31: =$I$1097 | R31: =$G$1097 | S31: =$H$1098 | T31: =$I$1098 | U31: =$G$1098 | V31: =$H$1099 | W31: =$I$1099 | X31: =$G$1099 | Z31: 1080
A32: RAG R1-R3 | B32: gpt4o | C32: 0 | G32: N/A | H32: N/A | I32: N/A | J32: N/A | K32: N/A | L32: N/A | M32: N/A | N32: N/A | O32: N/A | P32: N/A | Q32: N/A | R32: N/A | S32: N/A | T32: N/A | U32: N/A | V32: N/A | W32: N/A | X32: N/A | Y32: N/A
A33: RAG R1-R3 | B33: mixtral:8x22b | C33: =COUNT($B$1138,$C$1138,$D$1138,$E$1138,$F$1138) | D33: =SUM($B$1148:$F$1148) | E33: =IFERROR(100*$D$33/($C$33*36),0) | F33: =IFERROR(1-$D$33/($C$33*36),0) | G33: =$H$1142 | H33: =$I$1142 | I33: =$G$1142 | J33: =$H$1143 | K33: =$I$1143 | L33: =$G$1143 | M33: =$H$1144 | N33: =$I$1144 | O33: =$G$1144 | P33: =$H$1145 | Q33: =$I$1145 | R33: =$G$1145 | S33: =$H$1146 | T33: =$I$1146 | U33: =$G$1146 | V33: =$H$1147 | W33: =$I$1147 | X33: =$G$1147 | Z33: 1128
A34: RAG R1-R3 | B34: llama3.3:70b | C34: =COUNT($B$1186,$C$1186,$D$1186,$E$1186,$F$1186) | D34: =SUM($B$1196:$F$1196) | E34: =IFERROR(100*$D$34/($C$34*36),0) | F34: =IFERROR(1-$D$34/($C$34*36),0) | G34: =$H$1190 | H34: =$I$1190 | I34: =$G$1190 | J34: =$H$1191 | K34: =$I$1191 | L34: =$G$1191 | M34: =$H$1192 | N34: =$I$1192 | O34: =$G$1192 | P34: =$H$1193 | Q34: =$I$1193 | R34: =$G$1193 | S34: =$H$1194 | T34: =$I$1194 | U34: =$G$1194 | V34: =$H$1195 | W34: =$I$1195 | X34: =$G$1195 | Z34: 1176
A35: RAG R1-R3 | B35: deepseek-r1:14b | C35: =COUNT($B$1234,$C$1234,$D$1234,$E$1234,$F$1234) | D35: =SUM($B$1244:$F$1244) | E35: =IFERROR(100*$D$35/($C$35*36),0) | F35: =IFERROR(1-$D$35/($C$35*36),0) | G35: =$H$1238 | H35: =$I$1238 | I35: =$G$1238 | J35: =$H$1239 | K35: =$I$1239 | L35: =$G$1239 | M35: =$H$1240 | N35: =$I$1240 | O35: =$G$1240 | P35: =$H$1241 | Q35: =$I$1241 | R35: =$G$1241 | S35: =$H$1242 | T35: =$I$1242 | U35: =$G$1242 | V35: =$H$1243 | W35: =$I$1243 | X35: =$G$1243 | Z35: 1224
A36: RAG R2-R3 | B36: gpt4-turbo-preview | C36: =COUNT($B$1282,$C$1282,$D$1282,$E$1282,$F$1282) | D36: =SUM($B$1292:$F$1292) | E36: =IFERROR(100*$D$36/($C$36*36),0) | F36: =IFERROR(1-$D$36/($C$36*36),0) | G36: =$H$1286 | H36: =$I$1286 | I36: =$G$1286 | J36: =$H$1287 | K36: =$I$1287 | L36: =$G$1287 | M36: =$H$1288 | N36: =$I$1288 | O36: =$G$1288 | P36: =$H$1289 | Q36: =$I$1289 | R36: =$G$1289 | S36: =$H$1290 | T36: =$I$1290 | U36: =$G$1290 | V36: =$H$1291 | W36: =$I$1291 | X36: =$G$1291 | Z36: 1272
A37: RAG R2-R3 | B37: gpt4o | C37: 0 | G37: N/A | H37: N/A | I37: N/A | J37: N/A | K37: N/A | L37: N/A | M37: N/A | N37: N/A | O37: N/A | P37: N/A | Q37: N/A | R37: N/A | S37: N/A | T37: N/A | U37: N/A | V37: N/A | W37: N/A | X37: N/A | Y37: N/A
A38: RAG R2-R3 | B38: mixtral:8x22b | C38: =COUNT($B$1330,$C$1330,$D$1330,$E$1330,$F$1330) | D38: =SUM($B$1340:$F$1340) | E38: =IFERROR(100*$D$38/($C$38*36),0) | F38: =IFERROR(1-$D$38/($C$38*36),0) | G38: =$H$1334 | H38: =$I$1334 | I38: =$G$1334 | J38: =$H$1335 | K38: =$I$1335 | L38: =$G$1335 | M38: =$H$1336 | N38: =$I$1336 | O38: =$G$1336 | P38: =$H$1337 | Q38: =$I$1337 | R38: =$G$1337 | S38: =$H$1338 | T38: =$I$1338 | U38: =$G$1338 | V38: =$H$1339 | W38: =$I$1339 | X38: =$G$1339 | Z38: 1320
A39: RAG R2-R3 | B39: llama3.3:70b | C39: =COUNT($B$1378,$C$1378,$D$1378,$E$1378,$F$1378) | D39: =SUM($B$1388:$F$1388) | E39: =IFERROR(100*$D$39/($C$39*36),0) | F39: =IFERROR(1-$D$39/($C$39*36),0) | G39: =$H$1382 | H39: =$I$1382 | I39: =$G$1382 | J39: =$H$1383 | K39: =$I$1383 | L39: =$G$1383 | M39: =$H$1384 | N39: =$I$1384 | O39: =$G$1384 | P39: =$H$1385 | Q39: =$I$1385 | R39: =$G$1385 | S39: =$H$1386 | T39: =$I$1386 | U39: =$G$1386 | V39: =$H$1387 | W39: =$I$1387 | X39: =$G$1387 | Y39: 1 run(s) returned no matrix | Z39: 1368
A40: RAG R2-R3 | B40: deepseek-r1:14b | C40: =COUNT($B$1426,$C$1426,$D$1426,$E$1426,$F$1426) | D40: =SUM($B$1436:$F$1436) | E40: =IFERROR(100*$D$40/($C$40*36),0) | F40: =IFERROR(1-$D$40/($C$40*36),0) | G40: =$H$1430 | H40: =$I$1430 | I40: =$G$1430 | J40: =$H$1431 | K40: =$I$1431 | L40: =$G$1431 | M40: =$H$1432 | N40: =$I$1432 | O40: =$G$1432 | P40: =$H$1433 | Q40: =$I$1433 | R40: =$G$1433 | S40: =$H$1434 | T40: =$I$1434 | U40: =$G$1434 | V40: =$H$1435 | W40: =$I$1435 | X40: =$G$1435 | Z40: 1416
A41: RAG R1-R2-R3 | B41: gpt4-turbo-preview | C41: =COUNT($B$1474,$C$1474,$D$1474,$E$1474,$F$1474) | D41: =SUM($B$1484:$F$1484) | E41: =IFERROR(100*$D$41/($C$41*36),0) | F41: =IFERROR(1-$D$41/($C$41*36),0) | G41: =$H$1478 | H41: =$I$1478 | I41: =$G$1478 | J41: =$H$1479 | K41: =$I$1479 | L41: =$G$1479 | M41: =$H$1480 | N41: =$I$1480 | O41: =$G$1480 | P41: =$H$1481 | Q41: =$I$1481 | R41: =$G$1481 | S41: =$H$1482 | T41: =$I$1482 | U41: =$G$1482 | V41: =$H$1483 | W41: =$I$1483 | X41: =$G$1483 | Z41: 1464
A42: RAG R1-R2-R3 | B42: gpt4o | C42: 0 | G42: N/A | H42: N/A | I42: N/A | J42: N/A | K42: N/A | L42: N/A | M42: N/A | N42: N/A | O42: N/A | P42: N/A | Q42: N/A | R42: N/A | S42: N/A | T42: N/A | U42: N/A | V42: N/A | W42: N/A | X42: N/A | Y42: N/A
A43: RAG R1-R2-R3 | B43: mixtral:8x22b | C43: =COUNT($B$1522,$C$1522,$D$1522,$E$1522,$F$1522) | D43: =SUM($B$1532:$F$1532) | E43: =IFERROR(100*$D$43/($C$43*36),0) | F43: =IFERROR(1-$D$43/($C$43*36),0) | G43: =$H$1526 | H43: =$I$1526 | I43: =$G$1526 | J43: =$H$1527 | K43: =$I$1527 | L43: =$G$1527 | M43: =$H$1528 | N43: =$I$1528 | O43: =$G$1528 | P43: =$H$1529 | Q43: =$I$1529 | R43: =$G$1529 | S43: =$H$1530 | T43: =$I$1530 | U43: =$G$1530 | V43: =$H$1531 | W43: =$I$1531 | X43: =$G$1531 | Z43: 1512
A44: RAG R1-R2-R3 | B44: llama3.3:70b | C44: =COUNT($B$1570,$C$1570,$D$1570,$E$1570,$F$1570) | D44: =SUM($B$1580:$F$1580) | E44: =IFERROR(100*$D$44/($C$44*36),0) | F44: =IFERROR(1-$D$44/($C$44*36),0) | G44: =$H$1574 | H44: =$I$1574 | I44: =$G$1574 | J44: =$H$1575 | K44: =$I$1575 | L44: =$G$1575 | M44: =$H$1576 | N44: =$I$1576 | O44: =$G$1576 | P44: =$H$1577 | Q44: =$I$1577 | R44: =$G$1577 | S44: =$H$1578 | T44: =$I$1578 | U44: =$G$1578 | V44: =$H$1579 | W44: =$I$1579 | X44: =$G$1579 | Y44: 1 run(s) returned no matrix | Z44: 1560
A45: RAG R1-R2-R3 | B45: deepseek-r1:14b | C45: =COUNT($B$1618,$C$1618,$D$1618,$E$1618,$F$1618) | D45: =SUM($B$1628:$F$1628) | E45: =IFERROR(100*$D$45/($C$45*36),0) | F45: =IFERROR(1-$D$45/($C$45*36),0) | G45: =$H$1622 | H45: =$I$1622 | I45: =$G$1622 | J45: =$H$1623 | K45: =$I$1623 | L45: =$G$1623 | M45: =$H$1624 | N45: =$I$1624 | O45: =$G$1624 | P45: =$H$1625 | Q45: =$I$1625 | R45: =$G$1625 | S45: =$H$1626 | T45: =$I$1626 | U45: =$G$1626 | V45: =$H$1627 | W45: =$I$1627 | X45: =$G$1627 | Y45: 1 run(s) returned no matrix | Z45: 1608
A46: GraphRAG R1-R2 | B46: gpt4-turbo-preview | C46: =COUNT($B$1666,$C$1666,$D$1666,$E$1666,$F$1666) | D46: =SUM($B$1676:$F$1676) | E46: =IFERROR(100*$D$46/($C$46*36),0) | F46: =IFERROR(1-$D$46/($C$46*36),0) | G46: =$H$1670 | H46: =$I$1670 | I46: =$G$1670 | J46: =$H$1671 | K46: =$I$1671 | L46: =$G$1671 | M46: =$H$1672 | N46: =$I$1672 | O46: =$G$1672 | P46: =$H$1673 | Q46: =$I$1673 | R46: =$G$1673 | S46: =$H$1674 | T46: =$I$1674 | U46: =$G$1674 | V46: =$H$1675 | W46: =$I$1675 | X46: =$G$1675 | Z46: 1656
A47: GraphRAG R1-R2 | B47: gpt4o | C47: 0 | G47: N/A | H47: N/A | I47: N/A | J47: N/A | K47: N/A | L47: N/A | M47: N/A | N47: N/A | O47: N/A | P47: N/A | Q47: N/A | R47: N/A | S47: N/A | T47: N/A | U47: N/A | V47: N/A | W47: N/A | X47: N/A | Y47: N/A
A48: GraphRAG R1-R2 | B48: mixtral:8x22b | C48: =COUNT($B$1714,$C$1714,$D$1714,$E$1714,$F$1714) | D48: =SUM($B$1724:$F$1724) | E48: =IFERROR(100*$D$48/($C$48*36),0) | F48: =IFERROR(1-$D$48/($C$48*36),0) | G48: =$H$1718 | H48: =$I$1718 | I48: =$G$1718 | J48: =$H$1719 | K48: =$I$1719 | L48: =$G$1719 | M48: =$H$1720 | N48: =$I$1720 | O48: =$G$1720 | P48: =$H$1721 | Q48: =$I$1721 | R48: =$G$1721 | S48: =$H$1722 | T48: =$I$1722 | U48: =$G$1722 | V48: =$H$1723 | W48: =$I$1723 | X48: =$G$1723 | Z48: 1704
A49: GraphRAG R1-R2 | B49: llama3.3:70b | C49: =COUNT($B$1762,$C$1762,$D$1762,$E$1762,$F$1762) | D49: =SUM($B$1772:$F$1772) | E49: =IFERROR(100*$D$49/($C$49*36),0) | F49: =IFERROR(1-$D$49/($C$49*36),0) | G49: =$H$1766 | H49: =$I$1766 | I49: =$G$1766 | J49: =$H$1767 | K49: =$I$1767 | L49: =$G$1767 | M49: =$H$1768 | N49: =$I$1768 | O49: =$G$1768 | P49: =$H$1769 | Q49: =$I$1769 | R49: =$G$1769 | S49: =$H$1770 | T49: =$I$1770 | U49: =$G$1770 | V49: =$H$1771 | W49: =$I$1771 | X49: =$G$1771 | Z49: 1752
A50: GraphRAG R1-R2 | B50: deepseek-r1:14b | C50: =COUNT($B$1810,$C$1810,$D$1810,$E$1810,$F$1810) | D50: =SUM($B$1820:$F$1820) | E50: =IFERROR(100*$D$50/($C$50*36),0) | F50: =IFERROR(1-$D$50/($C$50*36),0) | G50: =$H$1814 | H50: =$I$1814 | I50: =$G$1814 | J50: =$H$1815 | K50: =$I$1815 | L50: =$G$1815 | M50: =$H$1816 | N50: =$I$1816 | O50: =$G$1816 | P50: =$H$1817 | Q50: =$I$1817 | R50: =$G$1817 | S50: =$H$1818 | T50: =$I$1818 | U50: =$G$1818 | V50: =$H$1819 | W50: =$I$1819 | X50: =$G$1819 | Z50: 1800
A51: GraphRAG R2-R3 | B51: gpt4-turbo-preview | C51: =COUNT($B$1858,$C$1858,$D$1858,$E$1858,$F$1858) | D51: =SUM($B$1868:$F$1868) | E51: =IFERROR(100*$D$51/($C$51*36),0) | F51: =IFERROR(1-$D$51/($C$51*36),0) | G51: =$H$1862 | H51: =$I$1862 | I51: =$G$1862 | J51: =$H$1863 | K51: =$I$1863 | L51: =$G$1863 | M51: =$H$1864 | N51: =$I$1864 | O51: =$G$1864 | P51: =$H$1865 | Q51: =$I$1865 | R51: =$G$1865 | S51: =$H$1866 | T51: =$I$1866 | U51: =$G$1866 | V51: =$H$1867 | W51: =$I$1867 | X51: =$G$1867 | Z51: 1848
A52: GraphRAG R2-R3 | B52: gpt4o | C52: 0 | G52: N/A | H52: N/A | I52: N/A | J52: N/A | K52: N/A | L52: N/A | M52: N/A | N52: N/A | O52: N/A | P52: N/A | Q52: N/A | R52: N/A | S52: N/A | T52: N/A | U52: N/A | V52: N/A | W52: N/A | X52: N/A | Y52: N/A
A53: GraphRAG R2-R3 | B53: mixtral:8x22b | C53: =COUNT($B$1906,$C$1906,$D$1906,$E$1906,$F$1906) | D53: =SUM($B$1916:$F$1916) | E53: =IFERROR(100*$D$53/($C$53*36),0) | F53: =IFERROR(1-$D$53/($C$53*36),0) | G53: =$H$1910 | H53: =$I$1910 | I53: =$G$1910 | J53: =$H$1911 | K53: =$I$1911 | L53: =$G$1911 | M53: =$H$1912 | N53: =$I$1912 | O53: =$G$1912 | P53: =$H$1913 | Q53: =$I$1913 | R53: =$G$1913 | S53: =$H$1914 | T53: =$I$1914 | U53: =$G$1914 | V53: =$H$1915 | W53: =$I$1915 | X53: =$G$1915 | Z53: 1896
A54: GraphRAG R2-R3 | B54: llama3.3:70b | C54: =COUNT($B$1954,$C$1954,$D$1954,$E$1954,$F$1954) | D54: =SUM($B$1964:$F$1964) | E54: =IFERROR(100*$D$54/($C$54*36),0) | F54: =IFERROR(1-$D$54/($C$54*36),0) | G54: =$H$1958 | H54: =$I$1958 | I54: =$G$1958 | J54: =$H$1959 | K54: =$I$1959 | L54: =$G$1959 | M54: =$H$1960 | N54: =$I$1960 | O54: =$G$1960 | P54: =$H$1961 | Q54: =$I$1961 | R54: =$G$1961 | S54: =$H$1962 | T54: =$I$1962 | U54: =$G$1962 | V54: =$H$1963 | W54: =$I$1963 | X54: =$G$1963 | Z54: 1944
A55: GraphRAG R2-R3 | B55: deepseek-r1:14b | C55: =COUNT($B$2002,$C$2002,$D$2002,$E$2002,$F$2002) | D55: =SUM($B$2012:$F$2012) | E55: =IFERROR(100*$D$55/($C$55*36),0) | F55: =IFERROR(1-$D$55/($C$55*36),0) | G55: =$H$2006 | H55: =$I$2006 | I55: =$G$2006 | J55: =$H$2007 | K55: =$I$2007 | L55: =$G$2007 | M55: =$H$2008 | N55: =$I$2008 | O55: =$G$2008 | P55: =$H$2009 | Q55: =$I$2009 | R55: =$G$2009 | S55: =$H$2010 | T55: =$I$2010 | U55: =$G$2010 | V55: =$H$2011 | W55: =$I$2011 | X55: =$G$2011 | Z55: 1992
A58: Configuration | B58: gold per-run | C58: silver per-run | D58: gold avg-matrix | E58: silver avg-matrix
A59: LLM | B59: =IFERROR(INDEX($B$6:$B$10,MATCH(LARGE($P$6:$P$10,1),$P$6:$P$10,0)),"") | C59: =IFERROR(INDEX($B$6:$B$10,MATCH(LARGE($P$6:$P$10,2),$P$6:$P$10,0)),"") | D59: =IFERROR(INDEX($B$6:$B$10,MATCH(LARGE($R$6:$R$10,1),$R$6:$R$10,0)),"") | E59: =IFERROR(INDEX($B$6:$B$10,MATCH(LARGE($R$6:$R$10,2),$R$6:$R$10,0)),"")
A60: RAG R1 | B60: =IFERROR(INDEX($B$11:$B$15,MATCH(LARGE($P$11:$P$15,1),$P$11:$P$15,0)),"") | C60: =IFERROR(INDEX($B$11:$B$15,MATCH(LARGE($P$11:$P$15,2),$P$11:$P$15,0)),"") | D60: =IFERROR(INDEX($B$11:$B$15,MATCH(LARGE($R$11:$R$15,1),$R$11:$R$15,0)),"") | E60: =IFERROR(INDEX($B$11:$B$15,MATCH(LARGE($R$11:$R$15,2),$R$11:$R$15,0)),"")
A61: RAG R2 | B61: =IFERROR(INDEX($B$16:$B$20,MATCH(LARGE($P$16:$P$20,1),$P$16:$P$20,0)),"") | C61: =IFERROR(INDEX($B$16:$B$20,MATCH(LARGE($P$16:$P$20,2),$P$16:$P$20,0)),"") | D61: =IFERROR(INDEX($B$16:$B$20,MATCH(LARGE($R$16:$R$20,1),$R$16:$R$20,0)),"") | E61: =IFERROR(INDEX($B$16:$B$20,MATCH(LARGE($R$16:$R$20,2),$R$16:$R$20,0)),"")
A62: RAG R3 | B62: =IFERROR(INDEX($B$21:$B$25,MATCH(LARGE($P$21:$P$25,1),$P$21:$P$25,0)),"") | C62: =IFERROR(INDEX($B$21:$B$25,MATCH(LARGE($P$21:$P$25,2),$P$21:$P$25,0)),"") | D62: =IFERROR(INDEX($B$21:$B$25,MATCH(LARGE($R$21:$R$25,1),$R$21:$R$25,0)),"") | E62: =IFERROR(INDEX($B$21:$B$25,MATCH(LARGE($R$21:$R$25,2),$R$21:$R$25,0)),"")
A63: RAG R1-R2 | B63: =IFERROR(INDEX($B$26:$B$30,MATCH(LARGE($P$26:$P$30,1),$P$26:$P$30,0)),"") | C63: =IFERROR(INDEX($B$26:$B$30,MATCH(LARGE($P$26:$P$30,2),$P$26:$P$30,0)),"") | D63: =IFERROR(INDEX($B$26:$B$30,MATCH(LARGE($R$26:$R$30,1),$R$26:$R$30,0)),"") | E63: =IFERROR(INDEX($B$26:$B$30,MATCH(LARGE($R$26:$R$30,2),$R$26:$R$30,0)),"")
A64: RAG R1-R3 | B64: =IFERROR(INDEX($B$31:$B$35,MATCH(LARGE($P$31:$P$35,1),$P$31:$P$35,0)),"") | C64: =IFERROR(INDEX($B$31:$B$35,MATCH(LARGE($P$31:$P$35,2),$P$31:$P$35,0)),"") | D64: =IFERROR(INDEX($B$31:$B$35,MATCH(LARGE($R$31:$R$35,1),$R$31:$R$35,0)),"") | E64: =IFERROR(INDEX($B$31:$B$35,MATCH(LARGE($R$31:$R$35,2),$R$31:$R$35,0)),"")
A65: RAG R2-R3 | B65: =IFERROR(INDEX($B$36:$B$40,MATCH(LARGE($P$36:$P$40,1),$P$36:$P$40,0)),"") | C65: =IFERROR(INDEX($B$36:$B$40,MATCH(LARGE($P$36:$P$40,2),$P$36:$P$40,0)),"") | D65: =IFERROR(INDEX($B$36:$B$40,MATCH(LARGE($R$36:$R$40,1),$R$36:$R$40,0)),"") | E65: =IFERROR(INDEX($B$36:$B$40,MATCH(LARGE($R$36:$R$40,2),$R$36:$R$40,0)),"")
A66: RAG R1-R2-R3 | B66: =IFERROR(INDEX($B$41:$B$45,MATCH(LARGE($P$41:$P$45,1),$P$41:$P$45,0)),"") | C66: =IFERROR(INDEX($B$41:$B$45,MATCH(LARGE($P$41:$P$45,2),$P$41:$P$45,0)),"") | D66: =IFERROR(INDEX($B$41:$B$45,MATCH(LARGE($R$41:$R$45,1),$R$41:$R$45,0)),"") | E66: =IFERROR(INDEX($B$41:$B$45,MATCH(LARGE($R$41:$R$45,2),$R$41:$R$45,0)),"")
A67: GraphRAG R1-R2 | B67: =IFERROR(INDEX($B$46:$B$50,MATCH(LARGE($P$46:$P$50,1),$P$46:$P$50,0)),"") | C67: =IFERROR(INDEX($B$46:$B$50,MATCH(LARGE($P$46:$P$50,2),$P$46:$P$50,0)),"") | D67: =IFERROR(INDEX($B$46:$B$50,MATCH(LARGE($R$46:$R$50,1),$R$46:$R$50,0)),"") | E67: =IFERROR(INDEX($B$46:$B$50,MATCH(LARGE($R$46:$R$50,2),$R$46:$R$50,0)),"")
A68: GraphRAG R2-R3 | B68: =IFERROR(INDEX($B$51:$B$55,MATCH(LARGE($P$51:$P$55,1),$P$51:$P$55,0)),"") | C68: =IFERROR(INDEX($B$51:$B$55,MATCH(LARGE($P$51:$P$55,2),$P$51:$P$55,0)),"") | D68: =IFERROR(INDEX($B$51:$B$55,MATCH(LARGE($R$51:$R$55,1),$R$51:$R$55,0)),"") | E68: =IFERROR(INDEX($B$51:$B$55,MATCH(LARGE($R$51:$R$55,2),$R$51:$R$55,0)),"")
A70: Ties: Excel's MATCH returns the first model in column order; a tie for gold or silver therefore shows one model only.
A72: LLM | gpt4-turbo-preview | B72: run 1 (raw, pasted) | I72: run 2 (raw, pasted) | P72: run 3 (raw, pasted) | W72: run 4 (raw, pasted) | AD72: run 5 (raw, pasted) | AK72: Step2 average matrix (formula) | AR72: ground truth (reference)
B73: On-Board Computer (OBC) | C73: Electrical Power System (EPS) | D73: Communication System | E73: Attitude Determination and Control System (ADCS) | F73: Payload | G73: Structural Frame | I73: On-Board Computer (OBC) | J73: Electrical Power System (EPS) | K73: Communication System | L73: Attitude Determination and Control System (ADCS) | M73: Payload | N73: Structural Frame | P73: On-Board Computer (OBC) | Q73: Electrical Power System (EPS) | R73: Communication System | S73: Attitude Determination and Control System (ADCS) | T73: Payload | U73: Structural Frame | W73: On-Board Computer (OBC) | X73: Electrical Power System (EPS) | Y73: Communication System | Z73: Attitude Determination and Control System (ADCS) | AA73: Payload | AB73: Structural Frame | AD73: On-Board Computer (OBC) | AE73: Electrical Power System (EPS) | AF73: Communication System | AG73: Attitude Determination and Control System (ADCS) | AH73: Payload | AI73: Structural Frame | AK73: On-Board Computer (OBC) | AL73: Electrical Power System (EPS) | AM73: Communication System | AN73: Attitude Determination and Control System (ADCS) | AO73: Payload | AP73: Structural Frame
A74: On-Board Computer (OBC) | B74: 1 | C74: 1 | D74: 1 | E74: 1 | F74: 1 | G74: 1 | I74: 1 | J74: 1 | K74: 1 | L74: 1 | M74: 1 | N74: 1 | P74: 1 | Q74: 1 | R74: 1 | S74: 1 | T74: 1 | U74: 1 | W74: 1 | X74: 1 | Y74: 1 | Z74: 1 | AA74: 1 | AB74: 1 | AD74: 1 | AE74: 1 | AF74: 1 | AG74: 1 | AH74: 1 | AI74: 1 | AK74: =IF(($B$74<>2)+($I$74<>2)+($P$74<>2)+($W$74<>2)+($AD$74<>2)=0,2,IF((($B$74<>2)*$B$74+($I$74<>2)*$I$74+($P$74<>2)*$P$74+($W$74<>2)*$W$74+($AD$74<>2)*$AD$74)/(($B$74<>2)+($I$74<>2)+($P$74<>2)+($W$74<>2)+($AD$74<>2))>=0.5,1,0)) | AL74: =IF(($C$74<>2)+($J$74<>2)+($Q$74<>2)+($X$74<>2)+($AE$74<>2)=0,2,IF((($C$74<>2)*$C$74+($J$74<>2)*$J$74+($Q$74<>2)*$Q$74+($X$74<>2)*$X$74+($AE$74<>2)*$AE$74)/(($C$74<>2)+($J$74<>2)+($Q$74<>2)+($X$74<>2)+($AE$74<>2))>=0.5,1,0)) | AM74: =IF(($D$74<>2)+($K$74<>2)+($R$74<>2)+($Y$74<>2)+($AF$74<>2)=0,2,IF((($D$74<>2)*$D$74+($K$74<>2)*$K$74+($R$74<>2)*$R$74+($Y$74<>2)*$Y$74+($AF$74<>2)*$AF$74)/(($D$74<>2)+($K$74<>2)+($R$74<>2)+($Y$74<>2)+($AF$74<>2))>=0.5,1,0)) | AN74: =IF(($E$74<>2)+($L$74<>2)+($S$74<>2)+($Z$74<>2)+($AG$74<>2)=0,2,IF((($E$74<>2)*$E$74+($L$74<>2)*$L$74+($S$74<>2)*$S$74+($Z$74<>2)*$Z$74+($AG$74<>2)*$AG$74)/(($E$74<>2)+($L$74<>2)+($S$74<>2)+($Z$74<>2)+($AG$74<>2))>=0.5,1,0)) | AO74: =IF(($F$74<>2)+($M$74<>2)+($T$74<>2)+($AA$74<>2)+($AH$74<>2)=0,2,IF((($F$74<>2)*$F$74+($M$74<>2)*$M$74+($T$74<>2)*$T$74+($AA$74<>2)*$AA$74+($AH$74<>2)*$AH$74)/(($F$74<>2)+($M$74<>2)+($T$74<>2)+($AA$74<>2)+($AH$74<>2))>=0.5,1,0)) | AP74: =IF(($G$74<>2)+($N$74<>2)+($U$74<>2)+($AB$74<>2)+($AI$74<>2)=0,2,IF((($G$74<>2)*$G$74+($N$74<>2)*$N$74+($U$74<>2)*$U$74+($AB$74<>2)*$AB$74+($AI$74<>2)*$AI$74)/(($G$74<>2)+($N$74<>2)+($U$74<>2)+($AB$74<>2)+($AI$74<>2))>=0.5,1,0)) | AR74: ='Ground truth'!$B$3 | AS74: ='Ground truth'!$C$3 | AT74: ='Ground truth'!$D$3 | AU74: ='Ground truth'!$E$3 | AV74: ='Ground truth'!$F$3 | AW74: ='Ground truth'!$G$3
A75: Electrical Power System (EPS) | B75: 1 | C75: 1 | D75: 1 | E75: 0 | F75: 0 | G75: 1 | I75: 1 | J75: 1 | K75: 1 | L75: 0 | M75: 0 | N75: 1 | P75: 1 | Q75: 1 | R75: 1 | S75: 0 | T75: 0 | U75: 1 | W75: 1 | X75: 1 | Y75: 1 | Z75: 0 | AA75: 0 | AB75: 1 | AD75: 1 | AE75: 1 | AF75: 1 | AG75: 0 | AH75: 0 | AI75: 1 | AK75: =IF(($B$75<>2)+($I$75<>2)+($P$75<>2)+($W$75<>2)+($AD$75<>2)=0,2,IF((($B$75<>2)*$B$75+($I$75<>2)*$I$75+($P$75<>2)*$P$75+($W$75<>2)*$W$75+($AD$75<>2)*$AD$75)/(($B$75<>2)+($I$75<>2)+($P$75<>2)+($W$75<>2)+($AD$75<>2))>=0.5,1,0)) | AL75: =IF(($C$75<>2)+($J$75<>2)+($Q$75<>2)+($X$75<>2)+($AE$75<>2)=0,2,IF((($C$75<>2)*$C$75+($J$75<>2)*$J$75+($Q$75<>2)*$Q$75+($X$75<>2)*$X$75+($AE$75<>2)*$AE$75)/(($C$75<>2)+($J$75<>2)+($Q$75<>2)+($X$75<>2)+($AE$75<>2))>=0.5,1,0)) | AM75: =IF(($D$75<>2)+($K$75<>2)+($R$75<>2)+($Y$75<>2)+($AF$75<>2)=0,2,IF((($D$75<>2)*$D$75+($K$75<>2)*$K$75+($R$75<>2)*$R$75+($Y$75<>2)*$Y$75+($AF$75<>2)*$AF$75)/(($D$75<>2)+($K$75<>2)+($R$75<>2)+($Y$75<>2)+($AF$75<>2))>=0.5,1,0)) | AN75: =IF(($E$75<>2)+($L$75<>2)+($S$75<>2)+($Z$75<>2)+($AG$75<>2)=0,2,IF((($E$75<>2)*$E$75+($L$75<>2)*$L$75+($S$75<>2)*$S$75+($Z$75<>2)*$Z$75+($AG$75<>2)*$AG$75)/(($E$75<>2)+($L$75<>2)+($S$75<>2)+($Z$75<>2)+($AG$75<>2))>=0.5,1,0)) | AO75: =IF(($F$75<>2)+($M$75<>2)+($T$75<>2)+($AA$75<>2)+($AH$75<>2)=0,2,IF((($F$75<>2)*$F$75+($M$75<>2)*$M$75+($T$75<>2)*$T$75+($AA$75<>2)*$AA$75+($AH$75<>2)*$AH$75)/(($F$75<>2)+($M$75<>2)+($T$75<>2)+($AA$75<>2)+($AH$75<>2))>=0.5,1,0)) | AP75: =IF(($G$75<>2)+($N$75<>2)+($U$75<>2)+($AB$75<>2)+($AI$75<>2)=0,2,IF((($G$75<>2)*$G$75+($N$75<>2)*$N$75+($U$75<>2)*$U$75+($AB$75<>2)*$AB$75+($AI$75<>2)*$AI$75)/(($G$75<>2)+($N$75<>2)+($U$75<>2)+($AB$75<>2)+($AI$75<>2))>=0.5,1,0)) | AR75: ='Ground truth'!$B$4 | AS75: ='Ground truth'!$C$4 | AT75: ='Ground truth'!$D$4 | AU75: ='Ground truth'!$E$4 | AV75: ='Ground truth'!$F$4 | AW75: ='Ground truth'!$G$4
